type,text
ham,still my two favorite everbrandy jsullivanmusic ?
ham,riley and maya went to france without cory and topanga like riley wanted in game night 
spam,wouldn?t wanna be weird with anyone else
ham,seeing my fav og camgirls from the studio tonight 
ham,well i m sold
ham,"insoo instastory update though it was short mygirls were beautiful and you did well myname members he tagged gunwo?"
ham,"hi this is new pics account to myname s junq i hope mygirls myboys amp fans support me"
ham,finally playing nice together after days of arguing 
ham,last night was one of the best nights of my life 
spam,never really knew how much im gonna miss something until its gone
ham,spending a wonderful night with always love catching up?
ham,your domestic circumstances are probably more manageable these more for gemini
ham,i need you like a heart needs a beat ?
ham,i didn t say it yet but i really appreciate all the support from mygirls and myboys about my lyrics blogthank you 
ham,your power is not defined with trying to be a man when your the key to all greatness happy women?s history month?
spam,lol always wanting it doesn?t even faze them anymore 
ham,"me thank god ioi are over that group was a disaster with not one single good song
chungha ?"
ham,excited to see these two goofballs but first some interviews http ?
spam,from south to north and vice versa 
ham,happy hour with the crew bottlecap alley?
ham,you know your harley is sweet when your girl talks about and tells more people about it than you do ?
spam,gonna miss seeing these ladies in class
ham,what?s on my work table love ?
spam,"mmm beach and annoying sand "
ham,"this is new pics account to myname s junq i hope mygirls myboys amp fans support me "
ham,good day with my little?s love them so much
ham,i love you all
ham,great season ladies me amp
spam,when you are watching ur neices cuz they had a half day of school and they hungry no problem aunty lex to the rescu?
ham,we live in paradise running to school this morning 
spam,"if we get together yo it s gonna be the bomb 
hit me up baby aaron carter dot com ?"
spam,after a treck out in that awful weather to get some bits needed we are being as lazy as possible and keeping warm i?
ham,"i wanted to be there t t lovely i can feel all their love to our boys 
thank you to instagram nessiesenpai?"
ham,it?s and i want to know what you?re thankful for
spam,if only everyday could be this chill 
ham,this is the only photo i feel like is indicated to post in it s my first time participating ahah so ma?
ham,i love getting texts from one of amp hearing how great they are doing with life for them to think to text m?
ham,gunwoo twitter update i?m so happy today thank you all of you mygirls let?s meet more i love you thank you every?
ham,"ahhhhhh they are so cute "
ham,cousin love 
spam,baby boy you stay on my mind damn co za trening n fitnessland warszawa ?
ham,come to essex for some sledging fun 
ham,my bestfriends always picked up from various postings and we still love each other
ham,my girls leah?s pretty smile and gaby?s face
ham,what better way to spend my day off with this bunch but proper getting ganged up on 
ham,you are in your glory today smoothly slipping in and out of c more for gemini
ham,what better way to spend my day off with this bunch but proper getting ganged up on
ham,it was nearly pm and finally after a lot of waiting the fans were told we could enter the hall there was a mother and two?
ham,ilobe bravegirls i love themilove mygirls so much ohmugod someoen pleathe call the ambulance ineed tocget my pulse checkedf
ham,my greatest accomplishments beats ?
ham,since both gdrive and openload video has been taken down here is engsub moonlight paradise radio w gugudan
ham,protect thalita and gabriela at all costs 
ham,i love my kids ronald reagan washington?
ham,my girls my loves ?
ham,dream peaceful
ham,thank you for making so many mygirls and myboys around the world so happy we hope that we can do the?
ham,this is the only photo i feel like is indicated to post in it s my first time participating a?
ham,"i?m so happy san francisco was so sweet and amazing to me i end up meeting these two lovely ladies 
miss camille to?"
ham,who are your best girls tag your bridesmaids to tell them you love your tribe 
ham,feeling cute w mygirls 
ham,super proud of these girls for wanting to get in shape for soccer 
ham,can?t describe how much i love this lot 
ham,mygirls they r beautiful
spam,i miss my girls i miss sitting with them driving with them talking to them but most of all i miss watching them
spam,never knew how much i would miss these tricks until they left pls come back
spam,has been on vacation for a week and i think the girls are starting to miss her apparently i m jus?
ham,these two girls are my whole world i am so blessed to be their auntie i love them with all that i am 
ham,happy goldens today 
ham,please follow a great medical marijuana clinic looking to make a real difference for patients ?
ham,i actually think i ve been poorly since october every time i get better one of my beloved kids kiss me and reinfect me?
ham,this was my bday lol we had fun
ham,these two make buying trips even better liz shopcanary 
ham,i actually think i ve been poorly since october every time i get better one of my beloved kids kiss me and reinfec?
ham,can?t believe it?s almost been a year since the soap awards already can?t wait for this years 
ham,can?t believe it?s almost been a year since the soap awards already can?t wait for this years 
ham,"thank you very much for this project thanks mygirls and myboys who participated in this project"
ham,wishing you all the most beautiful week
ham,thank you very much for this opportunity and for providing this the mygirls amp myboys worldwide
ham,you can accomplish more today than you ever thought possible more for gemini
ham,todays was slightly which made it fun for dining let it go in the?
ham,awww my keepz snap of vane down makesssss me soo happy i love my girls
ham,it d be really nice if y all out there could respect what we mygirls for years now had tried to built up instead of just?
ham,enjoy the greatest prime time show at the barclays center
ham,my lovely ladies picked out and purchased their dresses today for the wedding they will be looking hawttttt
spam,whys mygirls selca day so confusing everyone posts it on the th th th so i just go along with whenever others post theirs why
ham,it d be really nice if y all out there could respect what we mygirls for years now had tried to built up instead?
ham,when petra is over quinn ignores me and rather play with her but i loveeee how much they love each other 
ham,love you two sooooo much
ham,they are the best
ham,happy sunday 
spam,thanks for having us you never fail to disappoint
ham,amazing weekend for lbennett the beautiful bride to be 
spam,sunday road rage
ham,finally home from to be with life is good hours of travel is never fun ?
ham,don?t get much better than this
ham,mygirls are also happy when we re with you rough trans i am always happy?
ham,yay so beautiful
ham,it would be better to tell the owner to take it down than reporting it to h and makes things harder for us interna?
ham,i love seeing my girls surprise with how hard they can work the points may have not been in our favour but they wo?
ham,super secret business 
ham,wish i was there with my babies today i love you three more than you know cheering you on from home 
ham,mygirls are also happy when we re with you hope you have a lovely day rough trans i am al?
ham,"insoo instastory update though it was short mygirls were beautiful and you did well myname members he tagge?"
ham,love my 
ham,selfie with my fav girls
ham,enjoyed a beautiful spring day in anderson sc watching erica dorn fulfill her dream to play college tennis ?
ham,a beautiful day in anderson sc watching erica dorn class of fulfulling her dream to play college tennis ?
ham,these two cuties just make the car look better 
ham,"i wanted to be there t t lovely i can feel all their love to our boys 
thank you to instagram nessiese?"
spam,miss my babies
ham,of the positive eight
ham,peyton is so excited for her very first sleepover with her cousin my sweet niece aidynn we have missed her so mu?
ham,enjoying this relaxing weekend at pigeon forge with mygirls?
ham,wish i was there with my babies today i love you three more than you know cheering you on from home 
ham,yes i really am this lucky these two are so special to me
ham,it was nearly pm and finally after a lot of waiting the fans were told we could enter the hall there was a mothe?
ham,happy bitthday baby ziv 
ham,finally tenacity douglass high school
ham,this pic was taken tuesday these are my girls this pic makes me so happy they?ve figured out what it?s all about i?m s?
ham,"this is one of the toughest days since i became a wbb fan 
so many of competing against each other
saying goodbye to "
spam,about to be out and about in dc and i?m just worried about the rain the rain is not my friend i just straightene?
spam,mygirls miss you sissy jessa see you soonest 
ham,dinner time after a brilliant day of work inn on?
ham,"from props amp costume to hairdos 
thank you tita weng a dela cruz for their make up "
ham,gunwoo twitter update i?m so happy today thank you all of you mygirls let?s meet more i love you thank yo?
ham,first win of the season yesterday and first home game today
spam,it?s as if you wake up today on a strange planet where everyth more for gemini
ham,soothe and heal your soul in nature ?
spam,mygirls who can go to myname s fanmeet pls go take your friends along he s worrying too much how i wish i coul?
ham,i can?t understand why korea is still sleeping on myname can you please wake up why can?t you see their talent kindnes?
ham,i just wish mygirls would not share old pictures from the previous fan meeting on a day like this lol every time?
spam,are there any other intl mygirls who can?t attend the myname fanmeet and want to mope together with me
ham,this makes me sound like i see them by my own eyes lol i mean i see mygirls saying that on fancafe
ham,hr and a half to travel to glentress to see me race and they?re still smiling after getting up at am my number o?
ham,beautiful sunset
ham,who?s a pretty girl
ham,i am so fortunate that i have such strong girlfriends that keep me going
spam,somewhere between the mornings sticky hands and goodnight kisses motherhood hit me everyday has a story an?
ham,love this too true way too often
ham,forever grateful for my friends i see girls out there struggling and i wish they had the support we do ?
ham,forever grateful for my friends i see girls out there struggling and i wish they had the support we do
ham,baby girl earlier cute on this rainy
ham,fantastic for and to be recognised for their fundraising efforts for today a?
ham,fantastic for and to be recognised for their fundraising efforts for tod?
ham,sister love
ham,"when you bring your besties together to celebrate your best day who doesn?t need a pink beer coozie "
ham,one year ago today in a silent theatre inside of monroe high completely full of people my daughter yelled good job?
ham,this pic was taken tuesday these are my girls this pic makes me so happy they?ve figured out what it?s all about?
ham,too cute and head off to school all cozied up for ?
ham,i have the best friends 
ham,hearing my tori say ?i?m excited to see my big sister i like my big sister? melts me
ham,"gugudan sbs popasia gugu s hilarious karaoke impression
who is the funniest member 
soyee sally
who is the c?"
ham,"mygirls myboys and fans of seyong from the unit we need your help 
we want to help make myname s dreams of a korean comeba?"
spam,"info met with i o i members during her chinese new year break"
ham,nothing like cleaning and finding sonograms from years ago
ham,still love this pic 
spam,chill en golf y country club de trujillo
ham,my girls she loves holding her sister ?
ham,y?all tell me my chubby nieces aren?t the cutest i?m so glad i got two nieces in one month this summer i adore th?
ham,me and my girls tonight at science fair 
spam,i guess they missed me
ham,backyard hanging with perfect weather
ham,feeling exceptionally grateful for these two and our beach days today 
ham,snap fun
spam,but he could sing maybe he was nervous because mygirls were watching lol
ham,mygirls are proud of you we love you seyong 
ham,fun times with these two 
ham,the best girls 
ham,"everyone is so kind and really love the boys mygirls would do anything for their suceed 
i just want everyone to know h?"
spam,great to get our quad crew out now that illness amp injury have retreated good conditions for lots of tech amp a couple?
ham,have fun i hope lots of mygirls shower you all with unconditional love 
ham,always put a smile on my face
spam,it s time to go and do what i do but i nvr want to go as i will miss time with my dipsticks
ham,still so proud
ham,love these beauties keeks xo mocabean
ham,more dayys till gt?s fav boy cheerleader fucks it up at nationals with my girls
ham,i can?t express the joy i felt when i got home from work tonight and my phone connected to my wifi and downloaded a?
spam,i got sunshine on a cloudy day
ham,love it
ham,i don?t think u?re ready for this jelly 
spam,something that represents me are rough day?
ham,wonderful wednesday ?
ham,happy snow day 
ham,i love the pictures that get sent around the group 
spam,let?s climb very high up this tree to freak out dad
spam,lmao totally us i?m the innocent one the instigator and the one who has no?
ham,the ones who are close to me i love you
