"","mygirls"
"1","RT @gimmesseom: “#ioi #mygirls #lovethemsomuch”

IM CRYING https://t.co/eiihYpwji4"
"2","still my two favorite.... 4everbrandy jsullivanmusic #mygirls #fave… https://t.co/DW9WSKBw6u"
"3","Riley and Maya went to France <ed><U+00A0><U+00BC><ed><U+00B7><U+00AB><ed><U+00A0><U+00BC><ed><U+00B7><U+00B7> without Cory and Topanga like Riley wanted in Game Night <ed><U+00A0><U+00BD><ed><U+00B8><U+0082><ed><U+00A0><U+00BD><ed><U+00B8><U+0082><ed><U+00A0><U+00BD><ed><U+00B9><U+008C><ed><U+00A0><U+00BC><ed><U+00BF><U+00BC> #mygirls #GMW https://t.co/wNiOo11vQe"
"4","RT @cmc91198: Wouldn’t wanna be weird with anyone else<ed><U+00A0><U+00BE><ed><U+00B4><U+00AA> #mygirls https://t.co/TcGeeSLtu4"
"5","RT @ProvanTony: No school so it’s a Provan selfie <ed><U+00A0><U+00BE><ed><U+00B4><U+00B3> #MyGirls #MyWorld <U+2764><U+FE0F><U+2764><U+FE0F><U+2764><U+FE0F> https://t.co/OAuKtrNGyY"
"6","RT @brexoadams: Seeing my fav OG camgirls from the studio tonight! <ed><U+00A0><U+00BD><ed><U+00B8><U+00AD><ed><U+00A0><U+00BD><ed><U+00B8><U+008D> #mygirls"
"7","RT @brexoadams: Seeing my fav OG camgirls from the studio tonight! <ed><U+00A0><U+00BD><ed><U+00B8><U+00AD><ed><U+00A0><U+00BD><ed><U+00B8><U+008D> #mygirls"
"8","RT @brexoadams: Seeing my fav OG camgirls from the studio tonight! <ed><U+00A0><U+00BD><ed><U+00B8><U+00AD><ed><U+00A0><U+00BD><ed><U+00B8><U+008D> #mygirls"
"9","RT @brexoadams: Seeing my fav OG camgirls from the studio tonight! <ed><U+00A0><U+00BD><ed><U+00B8><U+00AD><ed><U+00A0><U+00BD><ed><U+00B8><U+008D> #mygirls"
"10","Seeing my fav OG camgirls from the studio tonight! <ed><U+00A0><U+00BD><ed><U+00B8><U+00AD><ed><U+00A0><U+00BD><ed><U+00B8><U+008D> #mygirls"
"11","Our pile of mussel shells vs the girls pile. <ed><U+00A0><U+00BD><ed><U+00B8><U+0082> #TonightsDinner #MyGirls… https://t.co/K8MigQn9eV"
"12","Well I'm sold. #IWasSoldAnyway #MyGirls #ItsYourBoi https://t.co/mzAwT57vmB"
"13","Find your clan. Love them hard. #mygirls #birthdaygirl still celebrating #bestie #olderwiser… https://t.co/OXBPag9Fge"
"14","Cousins <ed><U+00A0><U+00BD><ed><U+00B2><U+0097> #kenleeandcharlotte #mydaughterandniece #mygirls #lovethem #lovevacation #3months #4years https://t.co/NNHIEElelW"
"15","Sometimes I have to pinch myself...I’m one lucky guy #mygirls https://t.co/9yoJTX97IC"
"16","RT @gimmesseom: “#ioi #mygirls #lovethemsomuch”

IM CRYING https://t.co/eiihYpwji4"
"17","Sofia is making them play weddings #mygirls #sisters https://t.co/ivxS8teglb"
"18","Another weekend to spend with these #myfavourites #mygirls… https://t.co/xVq8bwTh42"
"19","RT @gimmesseom: “#ioi #mygirls #lovethemsomuch”

IM CRYING https://t.co/eiihYpwji4"
"20","RT @gimmesseom: “#ioi #mygirls #lovethemsomuch”

IM CRYING https://t.co/eiihYpwji4"
"21","RT @seyongistry: insoo instastory update <ed><U+00A0><U+00BD><ed><U+00B2><U+0095>

though it was short, mygirls were beautiful, and you did well myname members

* he tagged gunwo…"
"22","RT @junqarchives: <U+2501>  hi! ( ´ <U+2200> `)<U+30CE>~ <U+2661> 

this is new pics account to myname's junq
i hope mygirls/myboys &amp; fans support me <U+0669>(<U+25D5><U+203F><U+25D5>)<U+06F6>

#myname…"
"23","RT @cmc91198: Wouldn’t wanna be weird with anyone else<ed><U+00A0><U+00BE><ed><U+00B4><U+00AA> #mygirls https://t.co/TcGeeSLtu4"
"24","Is it sad that I am just as excited as my two 5yr olds to be watching brand new paw patrol.... <ed><U+00A0><U+00BD><ed><U+00B8><U+0082> #dadlife #dadsquad #myfamily #mygirls"
"25","Wouldn’t wanna be weird with anyone else<ed><U+00A0><U+00BE><ed><U+00B4><U+00AA> #mygirls https://t.co/TcGeeSLtu4"
"26","#mygirls #sisters  finally playing nice together after 3 days of arguing <ed><U+00A0><U+00BD><ed><U+00B1><U+008D> https://t.co/2nvCcMv0Ot"
"27","#mygirls #snowday #funinthesnow #snow #bishopshull #roxy #taunton @ Bishop's Hull https://t.co/cW2VS9IIPi"
"28","Last night was one of the best nights of my life. #BirthdayQueen #MyGirls <ed><U+00A0><U+00BC><ed><U+00BC><U+00B9> https://t.co/uKEINkjfT1"
"29","I Can’t Wait Until MyGirls Night <ed><U+00A0><U+00BD><ed><U+00B8><U+008A>"
"30","RT @CaliSergent: MyGirls FOREVER <ed><U+00A0><U+00BE><ed><U+00B4><U+009E><ed><U+00A0><U+00BC><ed><U+00BF><U+00BD><ed><U+00A0><U+00BD><ed><U+00B8><U+008A> https://t.co/aQcuw1ELYX"
"31","MyGirls FOREVER <ed><U+00A0><U+00BE><ed><U+00B4><U+009E><ed><U+00A0><U+00BC><ed><U+00BF><U+00BD><ed><U+00A0><U+00BD><ed><U+00B8><U+008A> https://t.co/aQcuw1ELYX"
"32","Never really knew how much im gonna miss something until its gone.. #phs #cheerfam #bittersweet #mygirls https://t.co/IVtPLuaZqC"
"33","Spending a wonderful night with #mygirls always love catching up… https://t.co/cbDBmLUfaT"
"34","RT @gimmesseom: “#ioi #mygirls #lovethemsomuch”

IM CRYING https://t.co/eiihYpwji4"
"35","RT @HarmoLizerBlink: Os Melhores Mashups do YouTube...

BP e FH (AIIYL e Me&amp;MyGirls)
CC e FH (RealFriends e Down)
CC e LJ (CITC e All Night…"
"36","Your domestic circumstances are probably more manageable these... More for Gemini https://t.co/YhjUeBF7Gz"
"37","18.02.02 bigstar's sunghak <U+26C4>
18.03.02 myname's insoo <ed><U+00A0><U+00BD><ed><U+00B2><U+008C> also after seeing my username he commented ""<U+B2E4><U+AC19><U+C774> <U+D558><U+B098> <U+B458> <U+C14B>"" whic… https://t.co/lPXoiOAog2"
"38","#snow days #snowmaggeddon #mygirls Robyn and Calissi away with daddy to try get baby milk https://t.co/zVBeO1NZCR"
"39","RT @gimmesseom: “#ioi #mygirls #lovethemsomuch”

IM CRYING https://t.co/eiihYpwji4"
"40","RT @gimmesseom: “#ioi #mygirls #lovethemsomuch”

IM CRYING https://t.co/eiihYpwji4"
"41","RT @junqarchive: <U+2501>  hi! ( ´ <U+2200> `)<U+30CE>~ <U+2661> 

this is new pics account to myname's junq
i hope mygirls/myboys &amp; fans support me <U+0669>(<U+25D5><U+203F><U+25D5>)<U+06F6>

#myname #…"
"42","RT @JobsMoney: I need you like a heart needs a beat. #money #loveyou #girlswholift #girlswithtatoos #fitgirls #mygirls #love #sexy #AsianGi…"
"43","RT @itsMasae: I didn't say it yet but I really appreciate all the support from MYgirls (and MYboys ?) about my lyrics blog<ed><U+00A0><U+00BD><ed><U+00B8><U+00AD>. THANK YOU!<U+2764><U+FE0F><ed><U+00A0><U+00BD><ed><U+00B2><U+009B><ed><U+00A0><U+00BD><ed><U+00B2><U+009A>…"
"44","RT @gimmesseom: “#ioi #mygirls #lovethemsomuch”

IM CRYING https://t.co/eiihYpwji4"
"45","RT @gimmesseom: “#ioi #mygirls #lovethemsomuch”

IM CRYING https://t.co/eiihYpwji4"
"46","RT @gimmesseom: “#ioi #mygirls #lovethemsomuch”

IM CRYING https://t.co/eiihYpwji4"
"47","Skyler practicing her swimming for Croatia!! #mygirls #fitbaby #ilovewater @ Gardens, Western… https://t.co/nbh8E1SQqP"
"48","RT @gimmesseom: “#ioi #mygirls #lovethemsomuch”

IM CRYING https://t.co/eiihYpwji4"
"49","RT @gimmesseom: “#ioi #mygirls #lovethemsomuch”

IM CRYING https://t.co/eiihYpwji4"
"50","RT @gimmesseom: “#ioi #mygirls #lovethemsomuch”

IM CRYING https://t.co/eiihYpwji4"
"51","#mygirls first snow <ed><U+00A0><U+00BD><ed><U+00B2><U+0095> https://t.co/6krXONi3hm"
"52","Your power is not defined with trying to be a man when your the key to all greatness.  Happy Women’s History Month… https://t.co/drsKnrpTqH"
"53","RT @gimmesseom: “#ioi #mygirls #lovethemsomuch”

IM CRYING https://t.co/eiihYpwji4"
"54","RT @gimmesseom: “#ioi #mygirls #lovethemsomuch”

IM CRYING https://t.co/eiihYpwji4"
"55","RT @gimmesseom: “#ioi #mygirls #lovethemsomuch”

IM CRYING https://t.co/eiihYpwji4"
"56","RT @gimmesseom: “#ioi #mygirls #lovethemsomuch”

IM CRYING https://t.co/eiihYpwji4"
"57","RT @gimmesseom: “#ioi #mygirls #lovethemsomuch”

IM CRYING https://t.co/eiihYpwji4"
"58","RT @gimmesseom: “#ioi #mygirls #lovethemsomuch”

IM CRYING https://t.co/eiihYpwji4"
"59","RT @gimmesseom: “#ioi #mygirls #lovethemsomuch”

IM CRYING https://t.co/eiihYpwji4"
"60","RT @gimmesseom: “#ioi #mygirls #lovethemsomuch”

IM CRYING https://t.co/eiihYpwji4"
"61","I Got Two Bottles For MyGirls Night <ed><U+00A0><U+00BE><ed><U+00B4><U+009E><ed><U+00A0><U+00BC><ed><U+00BF><U+00BD>"
"62","Lol always wanting @FifthHarmony it doesn’t even faze them anymore <ed><U+00A0><U+00BD><ed><U+00B8><U+0082><ed><U+00A0><U+00BD><ed><U+00B8><U+0082><ed><U+00A0><U+00BD><ed><U+00B8><U+0082> @FifthHarmony @LaurenJauregui @NormaniKordei… https://t.co/cw4gGnU4Sa"
"63","RT @gimmesseom: “#ioi #mygirls #lovethemsomuch”

IM CRYING https://t.co/eiihYpwji4"
"64","RT @gimmesseom: “#ioi #mygirls #lovethemsomuch”

IM CRYING https://t.co/eiihYpwji4"
"65","me: thank GOD ioi are over that group was a disaster with not one single good song
chungha: #mygirls… https://t.co/CVjWv2Wvm5"
"66","Just me and my girls <ed><U+00A0><U+00BD><ed><U+00B8><U+0082> #scandalabc #htgawm @violadavis @kerrywashington shondarhimes #mygirls… https://t.co/gBpSCRzGOV"
"67","RT @gimmesseom: “#ioi #mygirls #lovethemsomuch”

IM CRYING https://t.co/eiihYpwji4"
"68","RT @gimmesseom: “#ioi #mygirls #lovethemsomuch”

IM CRYING https://t.co/eiihYpwji4"
"69","RT @gimmesseom: “#ioi #mygirls #lovethemsomuch”

IM CRYING https://t.co/eiihYpwji4"
"70","“#ioi #mygirls #lovethemsomuch”

IM CRYING https://t.co/eiihYpwji4"
"71","RT @SonyaDevilleWWE: Excited to see these two goofballs, but first some interviews  #Mygirls #WWE #WWEToughEnough #BringBackDaria #LA http:…"
"72","From South to North and vice versa. <ed><U+00A0><U+00BD><ed><U+00B8><U+0089>
.
.
.
#latepost #MyGirls #girlsjustwannahavefun #ilocos… https://t.co/KcJ8X47bkb"
"73","Happy hour with the crew.  #mybruhs #mygirls @ Bottlecap Alley… https://t.co/hB7SAhbOU4"
"74","They braid each other up before games. #sistergoals #redheads #hoopers #raisingathletes #mygirls… https://t.co/0t4QQkaR24"
"75","You know your Harley is sweet when your girl talks about, and tells more people about it than you do. #Aretha… https://t.co/xgk4HbEdpl"
"76","Gonna miss seeing these ladies in class #mygirls #Dentalassistants https://t.co/L7JBH42G25"
"77","What’s on my work table? Love. #baby #love #mygirls #alwaysnear #AnneMariePrice #studio #stuff… https://t.co/FsyMU7Ucjm"
"78","RT @junqarchive: <U+2501>  hi! ( ´ <U+2200> `)<U+30CE>~ <U+2661> 

this is new pics account to myname's junq
i hope mygirls/myboys &amp; fans support me <U+0669>(<U+25D5><U+203F><U+25D5>)<U+06F6>

#myname #…"
"79","Mygirls<U+2728><U+2728>. https://t.co/DtRGsb7P3f"
"80","RT @junqarchive: <U+2501>  hi! ( ´ <U+2200> `)<U+30CE>~ <U+2661> 

this is new pics account to myname's junq
i hope mygirls/myboys &amp; fans support me <U+0669>(<U+25D5><U+203F><U+25D5>)<U+06F6>

#myname #…"
"81","Mmm beach and annoying sand..

#pornvel #ass #butt #sexy #sexyasses #sexywoman #hot #hotgirls #hotwomen #beauty… https://t.co/Bq1HE1PzIL"
"82","<U+2501>  hi! ( ´ <U+2200> `)<U+30CE>~ <U+2661> 

this is new pics account to myname's junq
i hope mygirls/myboys &amp; fans support me <U+0669>(<U+25D5><U+203F><U+25D5>)<U+06F6>… https://t.co/h3SkroL901"
"83","Good day with my Little’s! Love them so much<ed><U+00A0><U+00BD><ed><U+00B8><U+0098> #theyaremyeverything #bestdaysareaheadofus #mygirls<U+2764><U+FE0F> https://t.co/ysarf3kddh"
"84","RT @Devman33: My two big dipsticks.... #dadlife #myfamily #mygirls #dadsquad https://t.co/unNLDr7UGS"
"85","My two big dipsticks.... #dadlife #myfamily #mygirls #dadsquad https://t.co/unNLDr7UGS"
"86","RT @ElaineMcTaggar2: Taken down at the river, 4 days apart!! What is with this weather? @BridgetPrimary #riverfun #mygirls #secondsnowday h…"
"87","New wheels #personalised #mygirls https://t.co/OVWSwP1TU4"
"88","I love you all <U+2764><U+FE0F><ed><U+00A0><U+00BD><ed><U+00B2><U+0099><ed><U+00A0><U+00BD><ed><U+00B2><U+009B><ed><U+00A0><U+00BD><ed><U+00B2><U+009C><ed><U+00A0><U+00BD><ed><U+00B2><U+0096>
#ML #ProudProducer #mygirls https://t.co/WLPBcuuV1i"
"89","Great season, ladies!!  <ed><U+00A0><U+00BD><ed><U+00B0><U+00BE><ed><U+00A0><U+00BD><ed><U+00B2><U+0099><ed><U+00A0><U+00BC><ed><U+00BE><U+00B3> | me &amp; #mygirls + #mydad = #gocougars https://t.co/Vk4JD3I13n"
"90","when you are watching ur neices cuz they had a half day of school and they hungry no problem aunty lex to the rescu… https://t.co/QoU3f03CRJ"
"91","We live in paradise! Running to school this morning - #free #sungods #mygirls<U+2764><U+FE0F> https://t.co/8vBszbDNmT"
"92","RT @itsMasae: I didn't say it yet but I really appreciate all the support from MYgirls (and MYboys ?) about my lyrics blog<ed><U+00A0><U+00BD><ed><U+00B8><U+00AD>. THANK YOU!<U+2764><U+FE0F><ed><U+00A0><U+00BD><ed><U+00B2><U+009B><ed><U+00A0><U+00BD><ed><U+00B2><U+009A>…"
"93","Taken down at the river, 4 days apart!! What is with this weather? @BridgetPrimary #riverfun #mygirls #secondsnowday https://t.co/fraCIIEcH4"
"94","If we get together, yo it's gonna be the bomb. 
Hit me up baby Aaron Carter dot com #mygirls… https://t.co/rxRlS0nEaI"
"95","<ed><U+00A0><U+00BE><ed><U+00B4><U+00AB> she’s reading to her baby sister again.
#BeStillMyHeart #ILoveThem #MyGirls #MomLife #MomOfFour https://t.co/ZBkc4fkJ5Z"
"96","My girls paige_darian @stopbullying_xx #pub #mygirls #girlsnight https://t.co/HldCHBHRoj"
"97","Reading with #MyGirls #Family #PaigeNoelle #MaddiesDaddy #BedTime https://t.co/SOnXhAC17w"
"98","After a treck out in that awful weather to get some bits needed we are being as lazy as possible and keeping warm i… https://t.co/fPrjk4K0Nv"
"99","RT @santefitnessuk: These two though <U+263A><U+FE0F><U+2764><U+FE0F> #cutiepies #santecrew #santefitness #theoriginals #mygirls #hiit… https://t.co/LUo5HzHI3u"
"100","The White Rabbit &amp; Peter Rabbit <ed><U+00A0><U+00BD><ed><U+00B0><U+00B0> #MyGirls <ed><U+00A0><U+00BC><ed><U+00BD><U+0084> #WorldBookDay https://t.co/DZxoEZxlqW"
"101","RT @mygirlmynamept: I wanted to be there T_T Lovely #Mygirls <ed><U+00A0><U+00BD><ed><U+00B8><U+008D>I can feel all their love to our boys!!
Thank you to Instagram @/nessiesenpai…"
"102","Career day at school! #nurse #Olympian #mygirls #<U+2764><U+FE0F> https://t.co/j5FzuKPPok"
"103","&amp; all 4 of my sisters <ed><U+00A0><U+00BE><ed><U+00B4><U+009E><ed><U+00A0><U+00BC><ed><U+00BF><U+00BD><U+2665><U+FE0F> 

#ForeverMOOD #MyGirls #GetRichOrDieTrying https://t.co/vO07ahgTVA"
"104","#tbt My girls <ed><U+00A0><U+00BD><ed><U+00B2><U+0096> #shoppingsprees #mybabiesforever #mygirls #1hrphoto #kopmall #philadelphiamillsmall https://t.co/gmBanZtGo7"
"105","It’s #thankfulthursday and I want to know what you’re thankful for <ed><U+00A0><U+00BD><ed><U+00B8><U+008D>

#riseandthrive #thrive #myboys #mytribe… https://t.co/RNWYA8ANlH"
"106","You may find unexpected calm in the middle of a sea of change,... More for Gemini https://t.co/YhjUeBF7Gz"
"107","If only everyday could be this chill! <ed><U+00A0><U+00BD><ed><U+00B8><U+008C> #banter #mygirls #forevercheesin #lookinglikeanadvert #magicalkenya… https://t.co/kuzsrkfHpU"
"108","RT @mainamecl: This is the only photo I feel like is indicated to post in #MYgirlMYboySelcaDay  It's my first time participating ahah so ma…"
"109","No nursery run means morning snuggles <ed><U+00A0><U+00BD><ed><U+00B8><U+00AC><ed><U+00A0><U+00BD><ed><U+00B8><U+008D> #morningsnuggles #mygirls<ed><U+00A0><U+00BD><ed><U+00B2><U+0095> https://t.co/NMOzQOEQxu"
"110","Relaxing day

#adrianaaleeya #adrianaaleesa #babyAA #mydaughters #mygirls #babyboo #sweethearts… https://t.co/73YBVYE33g"
"111","@kelly_clarkson has mentioned @KaceyMusgraves twice on #TheVoice so far and we’re two episodes in. I see a calab or… https://t.co/Xzov6tdmjp"
"112","My baby &amp; her person <ed><U+00A0><U+00BD><ed><U+00B2><U+0098> #mygirls https://t.co/M0vgUP3Iz0"
"113","My very own special #WCE #mygirls<U+2764><U+FE0F> #fab4 #meme #fat #toot #jay… https://t.co/jrRkhhcHEY"
"114","I love getting texts from one of #mygirls &amp; hearing how great they are doing with life! For them to think to text m… https://t.co/HufJ7tHJ4i"
"115","RT @seyongistry: gunwoo twitter update <ed><U+00A0><U+00BD><ed><U+00B2><U+0095>

i’m so happy today! thank you all of you mygirls!!! let’s meet more!! i love you~ thank you every…"
"116","Sprinters / Runners
Injured today, healed tomorrow
#MyGirls
They… https://t.co/hMAalgIC4I"
"117","RT @cmendxs: <U+2765>mygirls.
{@hwlston; @hwddid; @jadefofao} https://t.co/BVUTMV2e1D"
"118","#mygirls #girlscan #mommylife @ Carnegie Science Center https://t.co/OREvO7WgNZ"
"119","RT @cmendxs: <U+2765>mygirls.
{@hwlston; @hwddid; @jadefofao} https://t.co/BVUTMV2e1D"
"120","RT @seyongistry: insoo instastory update <ed><U+00A0><U+00BD><ed><U+00B2><U+0095>

though it was short, mygirls were beautiful, and you did well myname members

* he tagged gunwo…"
"121","RT @seyongistry: insoo instastory update <ed><U+00A0><U+00BD><ed><U+00B2><U+0095>

though it was short, mygirls were beautiful, and you did well myname members

* he tagged gunwo…"
"122","RT @selendaxo: me&amp;mygirls https://t.co/zBNPp7G6J5"
"123","Always... #ILoveMyGirls #youbetta #tagafriend #wcw #mygirls #friends https://t.co/rk3dMQJ8it"
"124","@protectthabie @thabiesquad1 @mygirls_thabie A vic"
"125","Ahhhhhh. They are so cute!!!!!!
#gfriend#buddy#love#cute#sowon#umji#sinb#yuju#eunha#yerin#followforofllow#likeforli… https://t.co/QZbCZrIRJT"
"126","RT @cmendxs: <U+2765>mygirls.
{@hwlston; @hwddid; @jadefofao} https://t.co/BVUTMV2e1D"
"127","My husband took a video yesterday of the girls and me hanging out in the yard and this is a screenshot from that.… https://t.co/fd1IVmeSIR"
"128","<U+2765>mygirls.
{@hwlston; @hwddid; @jadefofao} https://t.co/BVUTMV2e1D"
"129","Summer Vibes <U+26F1><ed><U+00A0><U+00BD><ed><U+00B2><U+009C> @LittleMix #Touch #MyGirls https://t.co/OZRZLJANLE"
"130","My big girl reading to my littlest girl. <ed><U+00A0><U+00BD><ed><U+00B2><U+009E>
#BeStillMyHeart #MyGirls #Fashionistas #ILoveThem… https://t.co/bjV4Xt2dfb"
"131","Cousin Love <ed><U+00A0><U+00BD><ed><U+00B2><U+0095> #MyGirls <ed><U+00A0><U+00BD><ed><U+00B8><U+008D> https://t.co/X38tCj7YqK"
"132","RT @JobsMoney: I need you like a heart needs a beat. #money #loveyou #girlswholift #girlswithtatoos #fitgirls #mygirls #love #sexy #AsianGi…"
"133","RT @JobsMoney: I need you like a heart needs a beat. #money #loveyou #girlswholift #girlswithtatoos #fitgirls #mygirls #love #sexy #AsianGi…"
"134","These two though <U+263A><U+FE0F><U+2764><U+FE0F> #cutiepies #santecrew #santefitness #theoriginals #mygirls #hiit… https://t.co/LUo5HzHI3u"
"135","Baby boy you stay on my mind <ed><U+00A0><U+00BD><ed><U+00B4><U+00A5><ed><U+00A0><U+00BD><ed><U+00B4><U+00A5><ed><U+00A0><U+00BD><ed><U+00B4><U+00A5> damn co za trening! #ogien fitnessland_warszawa #mygirls… https://t.co/DY3HJniRhY"
"136","RT @JobsMoney: I need you like a heart needs a beat. #money #loveyou #girlswholift #girlswithtatoos #fitgirls #mygirls #love #sexy #AsianGi…"
"137","RT @JobsMoney: I need you like a heart needs a beat. #money #loveyou #girlswholift #girlswithtatoos #fitgirls #mygirls #love #sexy #AsianGi…"
"138","RT @JobsMoney: I need you like a heart needs a beat. #money #loveyou #girlswholift #girlswithtatoos #fitgirls #mygirls #love #sexy #AsianGi…"
"139","RT @JobsMoney: I need you like a heart needs a beat. #money #loveyou #girlswholift #girlswithtatoos #fitgirls #mygirls #love #sexy #AsianGi…"
"140","RT @JobsMoney: I need you like a heart needs a beat. #money #loveyou #girlswholift #girlswithtatoos #fitgirls #mygirls #love #sexy #AsianGi…"
"141","RT @JobsMoney: I need you like a heart needs a beat. #money #loveyou #girlswholift #girlswithtatoos #fitgirls #mygirls #love #sexy #AsianGi…"
"142","RT @JobsMoney: I need you like a heart needs a beat. #money #loveyou #girlswholift #girlswithtatoos #fitgirls #mygirls #love #sexy #AsianGi…"
"143","RT @JobsMoney: I need you like a heart needs a beat. #money #loveyou #girlswholift #girlswithtatoos #fitgirls #mygirls #love #sexy #AsianGi…"
"144","RT @JobsMoney: I need you like a heart needs a beat. #money #loveyou #girlswholift #girlswithtatoos #fitgirls #mygirls #love #sexy #AsianGi…"
"145","RT @JobsMoney: I need you like a heart needs a beat. #money #loveyou #girlswholift #girlswithtatoos #fitgirls #mygirls #love #sexy #AsianGi…"
"146","RT @JobsMoney: I need you like a heart needs a beat. #money #loveyou #girlswholift #girlswithtatoos #fitgirls #mygirls #love #sexy #AsianGi…"
"147","RT @JobsMoney: I need you like a heart needs a beat. #money #loveyou #girlswholift #girlswithtatoos #fitgirls #mygirls #love #sexy #AsianGi…"
"148","RT @JobsMoney: I need you like a heart needs a beat. #money #loveyou #girlswholift #girlswithtatoos #fitgirls #mygirls #love #sexy #AsianGi…"
"149","RT @JobsMoney: I need you like a heart needs a beat. #money #loveyou #girlswholift #girlswithtatoos #fitgirls #mygirls #love #sexy #AsianGi…"
"150","RT @JobsMoney: I need you like a heart needs a beat. #money #loveyou #girlswholift #girlswithtatoos #fitgirls #mygirls #love #sexy #AsianGi…"
"151","RT @JobsMoney: I need you like a heart needs a beat. #money #loveyou #girlswholift #girlswithtatoos #fitgirls #mygirls #love #sexy #AsianGi…"
"152","RT @JobsMoney: I need you like a heart needs a beat. #money #loveyou #girlswholift #girlswithtatoos #fitgirls #mygirls #love #sexy #AsianGi…"
"153","RT @JobsMoney: I need you like a heart needs a beat. #money #loveyou #girlswholift #girlswithtatoos #fitgirls #mygirls #love #sexy #AsianGi…"
"154","RT @JobsMoney: I need you like a heart needs a beat. #money #loveyou #girlswholift #girlswithtatoos #fitgirls #mygirls #love #sexy #AsianGi…"
"155","RT @JobsMoney: I need you like a heart needs a beat. #money #loveyou #girlswholift #girlswithtatoos #fitgirls #mygirls #love #sexy #AsianGi…"
"156","RT @JobsMoney: I need you like a heart needs a beat. #money #loveyou #girlswholift #girlswithtatoos #fitgirls #mygirls #love #sexy #AsianGi…"
"157","RT @JobsMoney: I need you like a heart needs a beat. #money #loveyou #girlswholift #girlswithtatoos #fitgirls #mygirls #love #sexy #AsianGi…"
"158","RT @JobsMoney: I need you like a heart needs a beat. #money #loveyou #girlswholift #girlswithtatoos #fitgirls #mygirls #love #sexy #AsianGi…"
"159","RT @JobsMoney: I need you like a heart needs a beat. #money #loveyou #girlswholift #girlswithtatoos #fitgirls #mygirls #love #sexy #AsianGi…"
"160","RT @JobsMoney: I need you like a heart needs a beat. #money #loveyou #girlswholift #girlswithtatoos #fitgirls #mygirls #love #sexy #AsianGi…"
"161","RT @JobsMoney: I need you like a heart needs a beat. #money #loveyou #girlswholift #girlswithtatoos #fitgirls #mygirls #love #sexy #AsianGi…"
"162","RT @JobsMoney: I need you like a heart needs a beat. #money #loveyou #girlswholift #girlswithtatoos #fitgirls #mygirls #love #sexy #AsianGi…"
"163","I need you like a heart needs a beat. #money #loveyou #girlswholift #girlswithtatoos #fitgirls #mygirls #love #sexy… https://t.co/o2bmHFsmpf"
"164","""There is no limit to what we, as women, can accomplish"" - Michelle Obama

Drawing a picture of these two #sisters… https://t.co/wL2MzEk0jo"
"165","Brunch date with these two @Lbthom1 @Hfisher2012 #oldskool #brunch #mygirls Keeps them grounded <ed><U+00A0><U+00BD><ed><U+00B8><U+0089> https://t.co/olEaQ7n0PO"
"166","#mygirls #husky #mutts #furdogzwellness #furbabies @ Fur Dogz Wellness https://t.co/6VzaAQlN90"
"167","My two youngest girls #snowbunnies #aekc #kaydencerose #mygirls https://t.co/onxDhfxnBV https://t.co/vnI4QXok76"
"168","@HamishGaman @heyitsmatej - Come to Essex for some sledging fun <ed><U+00A0><U+00BD><ed><U+00B8><U+0082><U+2744><U+FE0F> #Mygirls #Snowday https://t.co/kaB7wY94YZ"
"169","My bestfriends always. Picked up from various postings. And we still love each other <ed><U+00A0><U+00BD><ed><U+00B8><U+0080>#mygirls #mybesties https://t.co/7Ws11WaHkn"
"170","My girls <ed><U+00A0><U+00BD><ed><U+00B2><U+0095> Leah’s pretty smile and Gaby’s face <ed><U+00A0><U+00BE><ed><U+00B4><U+00A3> #mybabies #goofball #prettyfaces #mygirls https://t.co/qO9Cn4KVL5"
"171","RT @AleIsabel250: Expectation vs. Reality<U+2764><ed><U+00A0><U+00BC><ed><U+00BE><U+0093> #mygirls#lasamo https://t.co/jyKsQcRE6D"
"172","RT @HarmoLizerBlink: Os Melhores Mashups do YouTube...

BP e FH (AIIYL e Me&amp;MyGirls)
CC e FH (RealFriends e Down)
CC e LJ (CITC e All Night…"
"173","RT @ProvanTony: What better way to spend my day off with this bunch but proper getting ganged up on <ed><U+00A0><U+00BE><ed><U+00B4><U+00A6><ed><U+00A0><U+00BC><ed><U+00BF><U+00BB><U+200D><U+2642><U+FE0F><U+2764><U+FE0F> #MyGirls #DaddyTime<U+2744><U+FE0F><U+26C4><U+FE0F> https:/…"
"174","You are in your glory today, smoothly slipping in and out of c... More for Gemini https://t.co/YhjUeBF7Gz"
"175","What better way to spend my day off with this bunch but proper getting ganged up on <ed><U+00A0><U+00BE><ed><U+00B4><U+00A6><ed><U+00A0><U+00BC><ed><U+00BF><U+00BB><U+200D><U+2642><U+FE0F><U+2764><U+FE0F> #MyGirls #DaddyTime<U+2744><U+FE0F><U+26C4><U+FE0F> https://t.co/c34a6wOPVo"
"176","RT @mainamecl: This is the only photo I feel like is indicated to post in #MYgirlMYboySelcaDay  It's my first time participating ahah so ma…"
"177","RT @emimilina: It was nearly 5pm, and finally after a lot of waiting the fans were told we could enter the hall. There was a mother and two…"
"178","No school so it’s a Provan selfie <ed><U+00A0><U+00BE><ed><U+00B4><U+00B3> #MyGirls #MyWorld <U+2764><U+FE0F><U+2764><U+FE0F><U+2764><U+FE0F> https://t.co/OAuKtrNGyY"
"179","ilobe  bravegirls i love themilove mygirls so much ohmugod someoen pleathe  call the ambulance ineed tocget my pulse checkedf"
"180","Os Melhores Mashups do YouTube...

BP e FH (AIIYL e Me&amp;MyGirls)
CC e FH (RealFriends e Down)
CC e LJ (CITC e All Ni… https://t.co/PtJHff5CUq"
"181","Carnavaaaal <ed><U+00A0><U+00BD><ed><U+00B2><U+0083>
#Mygirls #Myteam <U+2764> https://t.co/A6JSD5hHjK"
"182","My 2 greatest accomplishments. <U+2764><U+FE0F><U+2764><U+FE0F>beats #mygirls #myminis #myheartbeats #thereasonibreathe… https://t.co/NMvMN3Wvwf"
"183","RT @SeyongGirl: A kiss at the end for all his mygirls<ed><U+00A0><U+00BD><ed><U+00B2><U+0096>

#seyong #<U+C138><U+C6A9> #myname #<U+B9C8><U+C774><U+B124><U+C784> #<U+30DE><U+30A4><U+30CD><U+30FC><U+30E0> https://t.co/6CUks8oShO"
"184","RT @10cmforehead: Since both gdrive and openload video has been taken down. Here is engsub Moonlight Paradise Radio w/ Gugudan
https://t.co…"
"185","I cannot wait for McKinley!! <ed><U+00A0><U+00BD><ed><U+00B8><U+008D><ed><U+00A0><U+00BD><ed><U+00B2><U+009E><ed><U+00A0><U+00BD><ed><U+00B1><U+00B6><ed><U+00A0><U+00BC><ed><U+00BF><U+00BC> #mygirls https://t.co/I7iDoPHHEp"
"186","#mygirls and I living it up #RODEOHOUSTON waiting on @garthbrooks #GarthBrooks https://t.co/xyDdb1VxLh"
"187","Synchronized sleeping #pibbles #staffylove #staffy #mygirls<ed><U+00A0><U+00BD><ed><U+00B2><U+0095> always touching #Bella is #Arya's… https://t.co/kqBKBsW2q4"
"188","My girls <ed><U+00A0><U+00BD><ed><U+00B8><U+0082><ed><U+00A0><U+00BD><ed><U+00B8><U+0082><ed><U+00A0><U+00BD><ed><U+00B8><U+0082> #WhitneyHouston #mygirls #funnykids #EllenDeGeneres @TheEllenShow https://t.co/X5h3ZV8Fsy"
"189","RT @protectthabie: <ed><U+00A0><U+00BC><ed><U+00BC><U+00B7> protect thalita and gabriela at all costs <ed><U+00A0><U+00BC><ed><U+00BC><U+00B7> https://t.co/bQIZlRJGs5"
"190","#Mygirls! I LOVE MY KIDS!! #sisters #love @ Ronald Reagan Washington… https://t.co/qVegHaqJk7"
"191","My girls!! My loves!! #firstandlast #sibblinglove #sisters #mygirls… https://t.co/jsoGkZRoh9"
"192","Bedtime Story with mummy..... #dadlife #dadsquad #myfamily #mygirls https://t.co/OoWIINsCz4"
"193","One of my favourite pictures of these two! #mybeauties #mygirls #family #love https://t.co/9MMeal41GH"
"194","RT @BigTunaInc: Holy shit! 6 girls on one Snapchat! <ed><U+00A0><U+00BD><ed><U+00B1><U+00BB>taste.mygirls #NoBrainerWayToHappinessIs #TittyTuesday #tushytuesday #TuesdayThoughts…"
"195","Checked one babe out of school to eat lunch with the other babe.. #MYgirls <ed><U+00A0><U+00BD><ed><U+00B2><U+0095> #2/27 https://t.co/jLg10SJ0Lp"
"196","RT @BigTunaInc: Holy shit! 6 girls on one Snapchat! <ed><U+00A0><U+00BD><ed><U+00B1><U+00BB>taste.mygirls #NoBrainerWayToHappinessIs #TittyTuesday #tushytuesday #TuesdayThoughts…"
"197","Holy shit! 6 girls on one Snapchat! <ed><U+00A0><U+00BD><ed><U+00B1><U+00BB>taste.mygirls #NoBrainerWayToHappinessIs #TittyTuesday #tushytuesday… https://t.co/0DX3iIkO05"
"198","w/ mygirls"
"199","Have you seen my latest video? It’s a vlog! It’s been a minute since my last #vlog I leave it for special occasions… https://t.co/upYposyUr7"
"200","Dream ....peaceful #mygirls #country https://t.co/JjoBoJBlcI"
"201","The girls you can’t say “I do” without #bridetribe #bridesmaids #mygirls #bridesmaiddress #bridemaidshair… https://t.co/Ayy68xsQdV"
"202","@Mybabygunwoo Thank you for making so many mygirls and myboys around the world so happy! We hope that we can do the… https://t.co/JBK42eOfwH"
"203","This is the only photo I feel like is indicated to post in #MYgirlMYboySelcaDay  It's my first time participating a… https://t.co/vWMJCD6mWT"
"204","I’m so happy San Francisco was so sweet and amazing to me I end up meeting these two lovely ladies 
Miss Camille To… https://t.co/NYM7STthb3"
"205","Who are your best girls? Tag your bridesmaids to tell them you  love your tribe!<U+2800>
<U+2800>
// #mygirls #bridesmaids… https://t.co/DuzckZVu5j"
"206","Feeling Cute W/ MyGirls <ed><U+00A0><U+00BD><ed><U+00B2><U+0095><ed><U+00A0><U+00BD><ed><U+00B8><U+0098>

#DeCutenatalagakameHAHAHAHAHA<ed><U+00A0><U+00BD><ed><U+00B8><U+0082><ed><U+00A0><U+00BD><ed><U+00B8><U+0082><ed><U+00A0><U+00BD><ed><U+00B8><U+0082><ed><U+00A0><U+00BD><ed><U+00B8><U+0082>"
"207","RT @hutter_utter: Super proud of these girls for wanting to get in shape for soccer.  #mygirls<U+2764><U+FE0F> https://t.co/WlkVxWwUoN"
"208","#mygirls @ Jbeil-Byblos https://t.co/cVmES03Mjz"
"209","But first...we gotta take a selfie <U+2764><U+FE0F> #MyGirls @TorangosKiddos https://t.co/rovihCP0RY"
"210","You’re up to your old tricks again today, impressing those in ... More for Gemini https://t.co/YhjUeBF7Gz"
"211","Can’t describe how much I love this lot <U+2764><U+FE0F> #hendo #girls #mygirls #lovethem #bestnight #newcastle https://t.co/BdhvLUGEDk"
"212","RT @LeanneRust: #mygirls #Kitty and #Puff sleeping together.  It’s taken a while but they are now getting along… https://t.co/WFhnSnqLGA"
"213","#mygirls #Kitty and #Puff sleeping together.  It’s taken a while but they are now getting along… https://t.co/WFhnSnqLGA"
"214","With mygirls  with bluesky 

#travel #mykids #kudusexplore @ Ternadi https://t.co/mpXKB2tgnw"
"215","MYGIRLS THEY R BEAUTIFUL https://t.co/9UlVyZQsY4"
"216","I miss my girls ! I miss sitting with them,driving with them , talking to them ,but most of all I miss watching them! #iloveyou #mygirls"
"217","My Facebook memories today had these 2 pictures. #samesmile #mygirls #noteeth #angels <U+263A><U+FE0F><U+2665><U+FE0F> https://t.co/VCftmdwkGU"
"218","RT @barre_lee: Never knew how much I would miss these tricks until they left pls come back #iloveyall#mygirls https://t.co/oS5bcUavsV"
"219","@amylynnstudios has been on vacation for a week, and I think the girls are starting to miss her. Apparently I'm jus… https://t.co/I3x8ZuFdp9"
"220","RT @hutter_utter: Super proud of these girls for wanting to get in shape for soccer.  #mygirls<U+2764><U+FE0F> https://t.co/WlkVxWwUoN"
"221","@protectthabie @Vic_Bacana @mygirls_thabie @FazACapivara @monguerrier @MilenaRibas16 @fewthabie @Alexandraafran… https://t.co/T3dXAUP78P"
"222","My two little blessings. #mygirls https://t.co/ueKgxRhbU8"
"223","Yet again in my feelings for @thekelseyowens &amp; @MadissonHaus watching this #SiestaKey #MyGirls @SiestaKey"
"224","These two girls are my whole world. <U+2764><U+FE0F> I am so blessed to be their auntie... I love them with all that I am. <U+2764><U+FE0F>… https://t.co/t2bUm49J6t"
"225","RT @RichardFitz5: My world

#mygirls #princesses #mondaymotivation #weekendvibes https://t.co/AbaSKqSvSq"
"226","My world

#mygirls #princesses #mondaymotivation #weekendvibes https://t.co/AbaSKqSvSq"
"227","We push each other to #finishthedrill #fitfam #hopeforhaiti #mygirls<U+2764> #alwaysgettingbetter… https://t.co/o8CNaDDASC"
"228","RT @hutter_utter: Super proud of these girls for wanting to get in shape for soccer.  #mygirls<U+2764><U+FE0F> https://t.co/WlkVxWwUoN"
"229","Never knew how much I would miss these tricks until they left pls come back #iloveyall#mygirls https://t.co/oS5bcUavsV"
"230","Two women on my side is my secret Power.<U+2665><U+FE0F><ed><U+00A0><U+00BD><ed><U+00B2><U+009A> #superman #mygirls #love em Planet Krypton https://t.co/IDENTcPieI"
"231","RT @onyoazz: WE BEEN CHASING THIS DREAM SINCE SOUTH VIEW DAYS NOW LOOK AT US #MYGIRLS #TOPPERS https://t.co/DRfXP91lTZ"
"232","RT @pretty_basyc: you probs don’t even notice<ed><U+00A0><U+00BE><ed><U+00B4><U+00AA><U+2728> #mygirls #onlymygirls https://t.co/QI7enrFWPU"
"233","RT @Sheerlovephoto: Happy Goldens! Today #tintagelcastle #sunshineofmylife #mygirls<U+2764> #goldenretriever #goldengirls https://t.co/ZCkzcGocVu"
"234","Meeting their baby sister for the first time last night through FaceTime.

#PreemieBaby #MyGirls… https://t.co/YWwmYAO5cn"
"235","Please follow @choicemedgroup a great medical marijuana clinic looking to make a real difference for patients.… https://t.co/UZ7vaPN0In"
"236","Just cooking dinner together. #MyGirls https://t.co/NGd41dQFOO"
"237","Super proud of these girls for wanting to get in shape for soccer.  #mygirls<U+2764><U+FE0F> https://t.co/WlkVxWwUoN"
"238","Kisses to me from my queens<ed><U+00A0><U+00BD><ed><U+00B8><U+00BB><ed><U+00A0><U+00BD><ed><U+00B8><U+00BB><ed><U+00A0><U+00BD><ed><U+00B8><U+0098><ed><U+00A0><U+00BD><ed><U+00B8><U+0098>#MyGirls#Sisters https://t.co/IboHFLkpmK"
"239","RT @mickycarbine69: I actually think I've been poorly since October. Every time I get better one of my beloved kids kiss me and reinfect me…"
"240","Toasting to our upcoming womans trip <ed><U+00A0><U+00BD><ed><U+00B9><U+008C><ed><U+00A0><U+00BD><ed><U+00B9><U+008C><ed><U+00A0><U+00BD><ed><U+00B2><U+009C><ed><U+00A0><U+00BD><ed><U+00B2><U+009C><ed><U+00A0><U+00BD><ed><U+00B8><U+008D><ed><U+00A0><U+00BD><ed><U+00B8><U+008D>
#toast #shots #mygirls #girlstrip #vacation #cruise… https://t.co/u5xxUP9bDD"
"241","This was my bday.. lol.. we had fun.  #LikeMotherLikeDaughter. #twinningiswinning #mygirls https://t.co/53JAoc2IAM"
"242","RT @BlitheandVine: These two make buying trips even better! -Liz #love #mygirls #nyc @shopkoch shopcanary <ed><U+00A0><U+00BD><ed><U+00B2><U+0095><ed><U+00A0><U+00BD><ed><U+00B2><U+0095> https://t.co/oZmVc0GZvW"
"243","I actually think I've been poorly since October. Every time I get better one of my beloved kids kiss me and reinfec… https://t.co/zbcYxKt9q1"
"244","RT @proudofkieron: can’t believe it’s almost been a year since the soap awards 2017 already, can’t wait for this years <ed><U+00A0><U+00BD><ed><U+00B2><U+0095> #TeamRichardson #T…"
"245","can’t believe it’s almost been a year since the soap awards 2017 already, can’t wait for this years <ed><U+00A0><U+00BD><ed><U+00B2><U+0095>… https://t.co/l37Nk6L8bt"
"246","Happy Goldens! Today #tintagelcastle #sunshineofmylife #mygirls<U+2764> #goldenretriever #goldengirls https://t.co/ZCkzcGocVu"
"247","RT @selendaxo: me&amp;mygirls https://t.co/zBNPp7G6J5"
"248","MyGirls<U+2764><U+FE0F><ed><U+00A0><U+00BD><ed><U+00B9><U+0084> @ Kedah https://t.co/oFv9MXc70Q"
"249","This was after Cirilla tried to bite her face <ed><U+00A0><U+00BD><ed><U+00B8><U+0091> #mygirls #mydaughters #daughters… https://t.co/immaSOpmS5"
"250","@gw_gunQ Thank you very much for this project <U+2665><U+FE0F>
Thanks MYgirls and MYboys who participated in this project<ed><U+00A0><U+00BD><ed><U+00B8><U+0098>"
"251","RT @Angie_Harmon: Magical (&amp; slightly mundane) Monday's... #blessed #grateful #mygirls #actuallyimaunicorn #unicornsdoingmundanethings http…"
"252","RT @Angie_Harmon: Wishing you all the most beautiful week! #grateful #blessed #FAE #mygirls #family#MakeEveryDayCount https://t.co/v7TZLsg4…"
"253","RT @Angie_Harmon: Wishing you all the most beautiful week! #grateful #blessed #FAE #mygirls #family#MakeEveryDayCount https://t.co/v7TZLsg4…"
"254","RT @Angie_Harmon: Magical (&amp; slightly mundane) Monday's... #blessed #grateful #mygirls #actuallyimaunicorn #unicornsdoingmundanethings http…"
"255","@gw_gunQ Thank you very much for this opportunity and for providing this the MYGirls &amp; MYBoys Worldwide <ed><U+00A0><U+00BD><ed><U+00B8><U+008D><U+2764><ed><U+00A0><U+00BD><ed><U+00B1><U+008F>"
"256","You can accomplish more today than you ever thought possible, ... More for Gemini https://t.co/YhjUeBF7Gz"
"257","Todays #schoolrun was slightly #snowy which made it fun for #mygirls dining let it go in the… https://t.co/Qx3rjpr5PK"
"258","RT @mygirlmynamept: I wanted to be there T_T Lovely #Mygirls <ed><U+00A0><U+00BD><ed><U+00B8><U+008D>I can feel all their love to our boys!!
Thank you to Instagram @/nessiesenpai…"
"259","RT @AbbyAbsP23: Awww my Keepz Snap of “Vane Down” makesssss me soo happy<ed><U+00A0><U+00BD><ed><U+00B8><U+0082><ed><U+00A0><U+00BD><ed><U+00B2><U+0095><ed><U+00A0><U+00BD><ed><U+00B2><U+0095><ed><U+00A0><U+00BD><ed><U+00B2><U+0095><ed><U+00A0><U+00BD><ed><U+00B1><U+00AF><U+200D><U+2640><U+FE0F><ed><U+00A0><U+00BD><ed><U+00B1><U+00AF><U+200D><U+2640><U+FE0F> #mygirls<ed><U+00A0><U+00BD><ed><U+00B2><U+0095>i love my girls<ed><U+00A0><U+00BD><ed><U+00B2><U+009B>"
"260","Awww my Keepz Snap of “Vane Down” makesssss me soo happy<ed><U+00A0><U+00BD><ed><U+00B8><U+0082><ed><U+00A0><U+00BD><ed><U+00B2><U+0095><ed><U+00A0><U+00BD><ed><U+00B2><U+0095><ed><U+00A0><U+00BD><ed><U+00B2><U+0095><ed><U+00A0><U+00BD><ed><U+00B1><U+00AF><U+200D><U+2640><U+FE0F><ed><U+00A0><U+00BD><ed><U+00B1><U+00AF><U+200D><U+2640><U+FE0F> #mygirls<ed><U+00A0><U+00BD><ed><U+00B2><U+0095>i love my girls<ed><U+00A0><U+00BD><ed><U+00B2><U+009B>"
"261","RT @kyutiepooh: It'd be really nice if y'all out there could respect what we, mygirls for years now, had tried to built up instead of just…"
"262","Ladies Night!!! <U+2764><U+2764><U+2764> #NeoSoulSunday #MySpot #YouAlreadyKnow #MyGirls… https://t.co/60BnX9BEMb"
"263","Watching the Kardashians...<ed><U+00A0><U+00BD><ed><U+00B8><U+0082> #mygirls since way bck #bawseHoggAllDay"
"264","you probs don’t even notice<ed><U+00A0><U+00BE><ed><U+00B4><U+00AA><U+2728> #mygirls #onlymygirls https://t.co/QI7enrFWPU"
"265","Enjoy the greatest prime time show at the Barclays Center<ed><U+00A0><U+00BD><ed><U+00B8><U+009D> #mygirls  #Barclays #cheerteam https://t.co/v0kck5RHaJ"
"266","@seongqt Ur a pioneer for mygirls and boys"
"267","WE BEEN CHASING THIS DREAM SINCE SOUTH VIEW DAYS NOW LOOK AT US #MYGIRLS #TOPPERS https://t.co/DRfXP91lTZ"
"268","RT @emimilina: It was nearly 5pm, and finally after a lot of waiting the fans were told we could enter the hall. There was a mother and two…"
"269","Our furbaby Elsa turned two this week!  <ed><U+00A0><U+00BD><ed><U+00B8><U+008D><ed><U+00A0><U+00BD><ed><U+00B8><U+008D><ed><U+00A0><U+00BD><ed><U+00B8><U+008D> #elsathechihuahua #skybeanie #mygirls… https://t.co/sbVV3U4Qa2"
"270","RT @ahanson1980: Uncle @nathanwayne.music came over for dinner and was immediately roped in to playing a series of board games with the gir…"
"271","Uncle @nathanwayne.music came over for dinner and was immediately roped in to playing a series of board games with… https://t.co/HcU2O26TNB"
"272","RT @offvocalver: For a couple years now that happens every 27th of every month to represent October 27 2011 when the boys debuted. Intl myg…"
"273","My lovely ladies picked out and purchased their dresses today for the wedding. They will be looking hawttttt <ed><U+00A0><U+00BD><ed><U+00B9><U+008C><ed><U+00A0><U+00BC><ed><U+00BF><U+00BC><ed><U+00A0><U+00BD><ed><U+00B4><U+00A5><ed><U+00A0><U+00BD><ed><U+00B8><U+008D>… https://t.co/gFnrg282VT"
"274","For a couple years now that happens every 27th of every month to represent October 27 2011 when the boys debuted. I… https://t.co/9yk5rsW7EA"
"275","RT @Angie_Harmon: TBT to the day we realized our new pet has his own new pet... #grateful #blessed #love#mygirls #myboy #myfamily https://t…"
"276","RT @Angie_Harmon: TBT to the day we realized our new pet has his own new pet... #grateful #blessed #love#mygirls #myboy #myfamily https://t…"
"277","Whys mygirls selca day so confusing everyone posts it on the 24th,25th,27th so i just go along with whenever others post theirs why"
"278","RT @kyutiepooh: It'd be really nice if y'all out there could respect what we, mygirls for years now, had tried to built up instead of just…"
"279","RT @kyutiepooh: It'd be really nice if y'all out there could respect what we, mygirls for years now, had tried to built up instead of just…"
"280","RT @kyutiepooh: It'd be really nice if y'all out there could respect what we, mygirls for years now, had tried to built up instead of just…"
"281","RT @kyutiepooh: It'd be really nice if y'all out there could respect what we, mygirls for years now, had tried to built up instead of just…"
"282","#Mygirls #olm #lmm #sisters<U+2764><U+FE0F> @ East Greenwich, Rhode Island https://t.co/lcfVZbcnHP"
"283","It'd be really nice if y'all out there could respect what we, mygirls for years now, had tried to built up instead… https://t.co/RlyCLPVsgy"
"284","When Petra is over, Quinn ignores me and rather play with her <ed><U+00A0><U+00BE><ed><U+00B4><U+00A8> But I loveeee how much they love each other <ed><U+00A0><U+00BD><ed><U+00B8><U+008D>… https://t.co/HMMpyrOESI"
"285","@coco_ho #MyGirls !!! Love you two sooooo much! #DJStarLight"
"286","RT @seyongistry: insoo instastory update <ed><U+00A0><U+00BD><ed><U+00B2><U+0095>

though it was short, mygirls were beautiful, and you did well myname members

* he tagged gunwo…"
"287","RT @emimilina: It was nearly 5pm, and finally after a lot of waiting the fans were told we could enter the hall. There was a mother and two…"
"288","RT @seyongistry: insoo instastory update <ed><U+00A0><U+00BD><ed><U+00B2><U+0095>

though it was short, mygirls were beautiful, and you did well myname members

* he tagged gunwo…"
"289","RT @seyongistry: insoo instastory update <ed><U+00A0><U+00BD><ed><U+00B2><U+0095>

though it was short, mygirls were beautiful, and you did well myname members

* he tagged gunwo…"
"290","RT @moonlesslight: I'm laughing at how insoo manages to go undetected around mygirls/myboys at these myname events

His stealth level irl 9…"
"291","They are the best!! #mudmasks #family #love #socute #mygirls https://t.co/jN49QPm7Nl"
"292","Holding her sister for the first time <ed><U+00A0><U+00BD><ed><U+00B2><U+0095>. #mygirls #bigsister #littlesister #momlife https://t.co/4IDmE9bwbt"
"293","Happy Sunday <ed><U+00A0><U+00BD><ed><U+00B2><U+0095><ed><U+00A0><U+00BD><ed><U+00B2><U+009C> #MyGirls https://t.co/KraYFNMMJS"
"294","RT @GLewisWXYZ: Grammas something special <ed><U+00A0><U+00BD><ed><U+00B8><U+008A><ed><U+00A0><U+00BD><ed><U+00B2><U+009B><ed><U+00A0><U+00BD><ed><U+00B8><U+008A> audracrawford #mygirls https://t.co/qMRJzrbJTK"
"295","Grammas something special <ed><U+00A0><U+00BD><ed><U+00B8><U+008A><ed><U+00A0><U+00BD><ed><U+00B2><U+009B><ed><U+00A0><U+00BD><ed><U+00B8><U+008A> audracrawford #mygirls https://t.co/qMRJzrbJTK"
"296","i forgot to take a pic of them while on the mat cause i was so invested <ed><U+00A0><U+00BD><ed><U+00B8><U+008B> but i DID come for #MyGirls https://t.co/XQp38LScrN"
"297","#afternoonwalk #barryisland #mygirls #winterwalks @ Barry Island https://t.co/ly3jfJ56Tf"
"298","With my bestfriend and my babygirl<ed><U+00A0><U+00BD><ed><U+00B2><U+009D> @Nancyyespinoza_  #KeepItLit #iLoveYall #MyGirls https://t.co/Isw5xrI0af"
"299","RT @mygirlmynamept: I wanted to be there T_T Lovely #Mygirls <ed><U+00A0><U+00BD><ed><U+00B8><U+008D>I can feel all their love to our boys!!
Thank you to Instagram @/nessiesenpai…"
"300","The bond these girls have is inseparable. #sundaymorning #reading #sisters #sisterlove #mygirls… https://t.co/lzA8yBLaP8"
"301","I'm laughing at how insoo manages to go undetected around mygirls/myboys at these myname events

His stealth level… https://t.co/aZIZY6mHLq"
"302","RT @seyongistry: insoo instastory update <ed><U+00A0><U+00BD><ed><U+00B2><U+0095>

though it was short, mygirls were beautiful, and you did well myname members

* he tagged gunwo…"
"303","RT @usaradiolive: its official @claudinemarshal is play-listed on @usaradiolive https://t.co/5AoilKGXVv UnSigned Artist Radio. #Me&amp;MyGirls…"
"304","RT @mygirlmynamept: I wanted to be there T_T Lovely #Mygirls <ed><U+00A0><U+00BD><ed><U+00B8><U+008D>I can feel all their love to our boys!!
Thank you to Instagram @/nessiesenpai…"
"305","My girls <ed><U+00A0><U+00BD><ed><U+00B8><U+008D><ed><U+00A0><U+00BD><ed><U+00B8><U+0098> 
#snugsunday #mygirls #daughter #pooch https://t.co/lFNY78gOlL"
"306","Hey girl. <ed><U+00A0><U+00BE><ed><U+00B4><U+009F><ed><U+00A0><U+00BC><ed><U+00BF><U+00BC> #bestfriends #bestfriendgoals #heygirlhey #mygirls #besties #love #friendsforlife… https://t.co/PG3NWbgqv6"
"307","My girls on tour #dogs #mygirls #wlyg https://t.co/sRS5x3hmYk"
"308","Thanks for having us #Kilkenny You never fail to disappoint! #mygirls #friends #40th #dressup #playtime #offduty https://t.co/i1OhkJhrhJ"
"309","- my forever girls <ed><U+00A0><U+00BD><ed><U+00B8><U+008D>
#foreverlove #mygirls #bffsincelahirlagi #azieyTweety #leTweety https://t.co/1H2r5vp024"
"310","Mygirls <ed><U+00A0><U+00BD><ed><U+00B8><U+0098> https://t.co/0pQXxeDbIs"
"311","My sisters <ed><U+00A0><U+00BD><ed><U+00B8><U+0098><ed><U+00A0><U+00BD><ed><U+00B8><U+0098> #friendsforlife #mygirls @NienkeM__ @xDiamondStar https://t.co/VankFR7a1X"
"312","RT @BethEdithW: Amazing weekend for lbennett550 the beautiful bride to be! <ed><U+00A0><U+00BD><ed><U+00B2><U+0097> #bridetobe #mygirls #bestfriends… https://t.co/CFA0p9Ze7i"
"313","Amazing weekend for lbennett550 the beautiful bride to be! <ed><U+00A0><U+00BD><ed><U+00B2><U+0097> #bridetobe #mygirls #bestfriends… https://t.co/CFA0p9Ze7i"
"314","RT @mygirlmynamept: I wanted to be there T_T Lovely #Mygirls <ed><U+00A0><U+00BD><ed><U+00B8><U+008D>I can feel all their love to our boys!!
Thank you to Instagram @/nessiesenpai…"
"315","These two make buying trips even better! -Liz #love #mygirls #nyc @shopkoch shopcanary <ed><U+00A0><U+00BD><ed><U+00B2><U+0095><ed><U+00A0><U+00BD><ed><U+00B2><U+0095> https://t.co/oZmVc0GZvW"
"316","RT @mygirlmynamept: I wanted to be there T_T Lovely #Mygirls <ed><U+00A0><U+00BD><ed><U+00B8><U+008D>I can feel all their love to our boys!!
Thank you to Instagram @/nessiesenpai…"
"317","https://t.co/2yUPrnF0DH York <ed><U+00A0><U+00BD><ed><U+00B2><U+0095> #aboutlastnight #mygirls #friends #friendshipgoals #bdaygirl… https://t.co/KpnMzjLfaK"
"318","its official @claudinemarshal is play-listed on @usaradiolive https://t.co/5AoilKGXVv UnSigned Artist Radio. #Me&amp;My… https://t.co/r1Dc6c5vP2"
"319","Sunday Road Rage! #mygirls #mygirlsrock https://t.co/AwVTraojy9"
"320","@deoyunit how many mygirls go to myname's  fanmeeting?succesfull?"
"321","You may be searching for a new direction in life, especially i... More for Gemini https://t.co/YhjUeBF7Gz"
"322","James Bond Island with my own bond girls .... The adventures never stop <ed><U+00A0><U+00BD><ed><U+00B8><U+009D> #lovinglife #mygirls @… https://t.co/DjpZ5npYdQ"
"323","Finally home from #Texas to be with #mygirls life is good. 21 hours of travel is never fun. @… https://t.co/ESwNUaE1Kc"
"324","RT @Devman33: When you up a ladder trying to paint, and a dipstick shouts from the bathroom that they have pooped and need a hand wiping, y…"
"325","When you up a ladder trying to paint, and a dipstick shouts from the bathroom that they have pooped and need a hand… https://t.co/gCJW4ODxIn"
"326","RT @seyongistry: insoo instastory update <ed><U+00A0><U+00BD><ed><U+00B2><U+0095>

though it was short, mygirls were beautiful, and you did well myname members

* he tagged gunwo…"
"327","RT @seyongistry: insoo instastory update <ed><U+00A0><U+00BD><ed><U+00B2><U+0095>

though it was short, mygirls were beautiful, and you did well myname members

* he tagged gunwo…"
"328","RT @seyongistry: insoo instastory update <ed><U+00A0><U+00BD><ed><U+00B2><U+0095>

though it was short, mygirls were beautiful, and you did well myname members

* he tagged gunwo…"
"329","RT @mygirlmynamept: I wanted to be there T_T Lovely #Mygirls <ed><U+00A0><U+00BD><ed><U+00B8><U+008D>I can feel all their love to our boys!!
Thank you to Instagram @/nessiesenpai…"
"330","2 birthday girls in the house <ed><U+00A0><U+00BD><ed><U+00B2><U+0083><ed><U+00A0><U+00BD><ed><U+00B2><U+0083><ed><U+00A0><U+00BD><ed><U+00B2><U+0083>#rocky16 #lua15 #birthdaygirls mygirls #proudmom https://t.co/wf5KCzXZqy"
"331","Caught the Spuds not trying to murder each other. How adorable <ed><U+00A0><U+00BD><ed><U+00B2><U+0097> #mygirls #sisterhood… https://t.co/pncSdAlb9Z"
"332","RT @seyongistry: insoo instastory update <ed><U+00A0><U+00BD><ed><U+00B2><U+0095>

though it was short, mygirls were beautiful, and you did well myname members

* he tagged gunwo…"
"333","Me and my friends #love #mygirls #saturday https://t.co/D6LvehNTGr"
"334","RT @mygirlmynamept: I wanted to be there T_T Lovely #Mygirls <ed><U+00A0><U+00BD><ed><U+00B8><U+008D>I can feel all their love to our boys!!
Thank you to Instagram @/nessiesenpai…"
"335","RT @Kelcey_17: Don’t get much better than this<ed><U+00A0><U+00BD><ed><U+00B2><U+009A> #MyGirls https://t.co/4ooDbScIaE"
"336","RT @acng_93: @MYNAME_KYong <ed><U+00A0><U+00BD><ed><U+00B2><U+0090>mygirls are also happy when we're with you <ed><U+00A0><U+00BE><ed><U+00B7><U+00A1><ed><U+00A0><U+00BD><ed><U+00B2><U+009B><ed><U+00A0><U+00BD><ed><U+00B2><U+009A>hope you have a lovely day<ed><U+00A0><U+00BD><ed><U+00B2><U+0099><ed><U+00A0><U+00BD><ed><U+00B2><U+009C><U+2764><U+FE0F>

[rough trans?] I am always happy…"
"337","@JordynSinnette @kynnedi_johnson @maritorresriver @_Sarahkirk_ @hayleighmoreno @TrippKatelynn Yay so beautiful <ed><U+00A0><U+00BD><ed><U+00B8><U+008D> #mygirls <ed><U+00A0><U+00BD><ed><U+00B8><U+0081><ed><U+00A0><U+00BD><ed><U+00B8><U+0081> #yay"
"338","RT @mygirlmynamept: I wanted to be there T_T Lovely #Mygirls <ed><U+00A0><U+00BD><ed><U+00B8><U+008D>I can feel all their love to our boys!!
Thank you to Instagram @/nessiesenpai…"
"339","MY girls #mysister #mydaughter #mydaughters #mygirls #lovethesegirls #babyEmma #babyEllie @mxLynn https://t.co/T3eyXV1qPv"
"340","RT @Kelcey_17: Don’t get much better than this<ed><U+00A0><U+00BD><ed><U+00B2><U+009A> #MyGirls https://t.co/4ooDbScIaE"
"341","RT @Kelcey_17: Don’t get much better than this<ed><U+00A0><U+00BD><ed><U+00B2><U+009A> #MyGirls https://t.co/4ooDbScIaE"
"342","RT @mygirlmynamept: I wanted to be there T_T Lovely #Mygirls <ed><U+00A0><U+00BD><ed><U+00B8><U+008D>I can feel all their love to our boys!!
Thank you to Instagram @/nessiesenpai…"
"343","RT @mygirlmynamept: I wanted to be there T_T Lovely #Mygirls <ed><U+00A0><U+00BD><ed><U+00B8><U+008D>I can feel all their love to our boys!!
Thank you to Instagram @/nessiesenpai…"
"344","it would be better to tell the owner to take it down than reporting it to h2 and makes things harder for us interna… https://t.co/eGnAkG2XhO"
"345","I love seeing my girls surprise with how hard they can work. The points may have not been in our favour but they wo… https://t.co/toH0JpYpKN"
"346","Super secret business <ed><U+00A0><U+00BD><ed><U+00B2><U+0099> #RightBeforeReallyImportantThingsHappened #bestfriends #mygirls… https://t.co/MVuilowmPr"
"347","RT @acng_93: @MYNAME_KYong <ed><U+00A0><U+00BD><ed><U+00B2><U+0090>mygirls are also happy when we're with you <ed><U+00A0><U+00BE><ed><U+00B7><U+00A1><ed><U+00A0><U+00BD><ed><U+00B2><U+009B><ed><U+00A0><U+00BD><ed><U+00B2><U+009A>hope you have a lovely day<ed><U+00A0><U+00BD><ed><U+00B2><U+0099><ed><U+00A0><U+00BD><ed><U+00B2><U+009C><U+2764><U+FE0F>

[rough trans?] I am always happy…"
"348","RT @alexisjaurique: Wish I was there with my babies today. I love you three more than you know. Cheering you on from home <U+2764><U+FE0F> #NCAaintready…"
"349","@MYNAME_KYong <ed><U+00A0><U+00BD><ed><U+00B2><U+0090>mygirls are also happy when we're with you <ed><U+00A0><U+00BE><ed><U+00B7><U+00A1><ed><U+00A0><U+00BD><ed><U+00B2><U+009B><ed><U+00A0><U+00BD><ed><U+00B2><U+009A>hope you have a lovely day<ed><U+00A0><U+00BD><ed><U+00B2><U+0099><ed><U+00A0><U+00BD><ed><U+00B2><U+009C><U+2764><U+FE0F>

[rough trans?] I am al… https://t.co/UOKzAxCcdA"
"350","<U+2764><U+FE0F><U+2764><U+FE0F><U+2764><U+FE0F><U+2764><U+FE0F> them #mygirls #forledbetterorworse @ THE SPRINGS Event Venues https://t.co/lgNvnZ9lsv"
"351","Mother daughter day out. #motherdaughter #mygirls #ustime https://t.co/kgKxAilkZA"
"352","RT @mygirlmynamept: I wanted to be there T_T Lovely #Mygirls <ed><U+00A0><U+00BD><ed><U+00B8><U+008D>I can feel all their love to our boys!!
Thank you to Instagram @/nessiesenpai…"
"353","RT @emimilina: It was nearly 5pm, and finally after a lot of waiting the fans were told we could enter the hall. There was a mother and two…"
"354","RT @mygirlmynamept: I wanted to be there T_T Lovely #Mygirls <ed><U+00A0><U+00BD><ed><U+00B8><U+008D>I can feel all their love to our boys!!
Thank you to Instagram @/nessiesenpai…"
"355","RT @Kelcey_17: Don’t get much better than this<ed><U+00A0><U+00BD><ed><U+00B2><U+009A> #MyGirls https://t.co/4ooDbScIaE"
"356","RT @emimilina: It was nearly 5pm, and finally after a lot of waiting the fans were told we could enter the hall. There was a mother and two…"
"357","Don’t get much better than this<ed><U+00A0><U+00BD><ed><U+00B2><U+009A> #MyGirls https://t.co/4ooDbScIaE"
"358","Our girls are twinsies tonight! #mygirls #daddysgirls #wearethegalvarezfam @ Tamiami, Florida https://t.co/NiHEdsg1UE"
"359","RT @ravencevans: ......&amp; We’re out! Girls Night! <ed><U+00A0><U+00BD><ed><U+00B2><U+0095> #BacholertteParty #BrideToBe #GirlsNight #FunTimes #MyGirls… https://t.co/63LwMf6rSg"
"360","......&amp; We’re out! Girls Night! <ed><U+00A0><U+00BD><ed><U+00B2><U+0095> #BacholertteParty #BrideToBe #GirlsNight #FunTimes #MyGirls… https://t.co/63LwMf6rSg"
"361","RT @jlndenise: 11:11 mygirls."
"362","RT @mygirlmynamept: I wanted to be there T_T Lovely #Mygirls <ed><U+00A0><U+00BD><ed><U+00B8><U+008D>I can feel all their love to our boys!!
Thank you to Instagram @/nessiesenpai…"
"363","RT @seyongistry: insoo instastory update <ed><U+00A0><U+00BD><ed><U+00B2><U+0095>

though it was short, mygirls were beautiful, and you did well myname members

* he tagged gunwo…"
"364","RT @seyongistry: insoo instastory update <ed><U+00A0><U+00BD><ed><U+00B2><U+0095>

though it was short, mygirls were beautiful, and you did well myname members

* he tagged gunwo…"
"365","RT @seyongistry: insoo instastory update <ed><U+00A0><U+00BD><ed><U+00B2><U+0095>

though it was short, mygirls were beautiful, and you did well myname members

* he tagged gunwo…"
"366","insoo instastory update <ed><U+00A0><U+00BD><ed><U+00B2><U+0095>

though it was short, mygirls were beautiful, and you did well myname members

* he tagge… https://t.co/1uknpzD3wD"
"367","RT @mygirlmynamept: I wanted to be there T_T Lovely #Mygirls <ed><U+00A0><U+00BD><ed><U+00B8><U+008D>I can feel all their love to our boys!!
Thank you to Instagram @/nessiesenpai…"
"368","RT @mygirlmynamept: I wanted to be there T_T Lovely #Mygirls <ed><U+00A0><U+00BD><ed><U+00B8><U+008D>I can feel all their love to our boys!!
Thank you to Instagram @/nessiesenpai…"
"369","Love my #Squad<U+2763><U+FE0F>#Family #MyGirls https://t.co/e2tuQNrz9e"
"370","Selfie with my fav 3 girls #bestfriends #mygirls #makesmyheartsmile https://t.co/i5S7cigcCd"
"371","RT @emimilina: It was nearly 5pm, and finally after a lot of waiting the fans were told we could enter the hall. There was a mother and two…"
"372","Pizza night! #aviadanielle #shelbylynn #pizza #daughters #mygirls https://t.co/sgj2Ytsh5w"
"373","RT @mygirlmynamept: I wanted to be there T_T Lovely #Mygirls <ed><U+00A0><U+00BD><ed><U+00B8><U+008D>I can feel all their love to our boys!!
Thank you to Instagram @/nessiesenpai…"
"374","RT @mygirlmynamept: I wanted to be there T_T Lovely #Mygirls <ed><U+00A0><U+00BD><ed><U+00B8><U+008D>I can feel all their love to our boys!!
Thank you to Instagram @/nessiesenpai…"
"375","RT @emimilina: It was nearly 5pm, and finally after a lot of waiting the fans were told we could enter the hall. There was a mother and two…"
"376","Saturday Sunglasses and Selfies  <ed><U+00A0><U+00BD><ed><U+00B5><U+00B6>#mygirls https://t.co/ejDSpAz228"
"377","RT @emimilina: It was nearly 5pm, and finally after a lot of waiting the fans were told we could enter the hall. There was a mother and two…"
"378","Enjoyed a beautiful spring day in Anderson, SC, watching Erica Dorn fulfill her dream to play college tennis!… https://t.co/7pFqVpWqXD"
"379","Have all the nieces for the night for a sleep over! <ed><U+00A0><U+00BE><ed><U+00B4><U+0098><ed><U+00A0><U+00BC><ed><U+00BF><U+00BC> 
#MyGirls"
"380","A beautiful day in Anderson, SC, watching Erica Dorn, Class of 2017, fulfulling her dream to play college tennis.… https://t.co/7h2FgKhN2y"
"381","RT @mygirlmynamept: I wanted to be there T_T Lovely #Mygirls <ed><U+00A0><U+00BD><ed><U+00B8><U+008D>I can feel all their love to our boys!!
Thank you to Instagram @/nessiesenpai…"
"382","RT @mygirlmynamept: I wanted to be there T_T Lovely #Mygirls <ed><U+00A0><U+00BD><ed><U+00B8><U+008D>I can feel all their love to our boys!!
Thank you to Instagram @/nessiesenpai…"
"383","RT @mygirlmynamept: I wanted to be there T_T Lovely #Mygirls <ed><U+00A0><U+00BD><ed><U+00B8><U+008D>I can feel all their love to our boys!!
Thank you to Instagram @/nessiesenpai…"
"384","RT @emimilina: It was nearly 5pm, and finally after a lot of waiting the fans were told we could enter the hall. There was a mother and two…"
"385","These two cuties just make the car look better! #sprintcar #mygirls #racing<ed><U+00A0><U+00BC><ed><U+00BF><U+0081> #dirttrack https://t.co/jWmJl2HTtX"
"386","RT @mygirlmynamept: I wanted to be there T_T Lovely #Mygirls <ed><U+00A0><U+00BD><ed><U+00B8><U+008D>I can feel all their love to our boys!!
Thank you to Instagram @/nessiesenpai…"
"387","RT @mygirlmynamept: I wanted to be there T_T Lovely #Mygirls <ed><U+00A0><U+00BD><ed><U+00B8><U+008D>I can feel all their love to our boys!!
Thank you to Instagram @/nessiesenpai…"
"388","My Heartbeat! #BriAndAdri #BFFs #AmericanGirls #MyersGirls #MyGirls… https://t.co/KU8FAOWSPz"
"389","RT @mygirlmynamept: I wanted to be there T_T Lovely #Mygirls <ed><U+00A0><U+00BD><ed><U+00B8><U+008D>I can feel all their love to our boys!!
Thank you to Instagram @/nessiesenpai…"
"390","RT @mygirlmynamept: I wanted to be there T_T Lovely #Mygirls <ed><U+00A0><U+00BD><ed><U+00B8><U+008D>I can feel all their love to our boys!!
Thank you to Instagram @/nessiesenpai…"
"391","RT @mygirlmynamept: I wanted to be there T_T Lovely #Mygirls <ed><U+00A0><U+00BD><ed><U+00B8><U+008D>I can feel all their love to our boys!!
Thank you to Instagram @/nessiesenpai…"
"392","RT @mygirlmynamept: I wanted to be there T_T Lovely #Mygirls <ed><U+00A0><U+00BD><ed><U+00B8><U+008D>I can feel all their love to our boys!!
Thank you to Instagram @/nessiesenpai…"
"393","I wanted to be there T_T Lovely #Mygirls <ed><U+00A0><U+00BD><ed><U+00B8><U+008D>I can feel all their love to our boys!!
Thank you to Instagram @/nessiese… https://t.co/GT7eqHHf9I"
"394","Park time with my girls! #littleprincesses #park #saturday #mygirls https://t.co/cqDNssvHP8"
"395","Miss my babies #mygirls @literallykay @kinkykaraa"
"396","7 of the positive eight! #mygirls #galdem #squadgoals #engagementparty https://t.co/huSI91tDux"
"397","Peyton is so excited for her very first sleepover with her cousin, my sweet niece, Aidynn! We have missed her so mu… https://t.co/3fQt4LHCHU"
"398","New profil picture #me #mygirlfriend #mybae #mybaby #myeverything #simonahalep #mygirls #cluj #salapolivalenta… https://t.co/N3K3wqBudJ"
"399","Saturday snow day. #sledding #sled #grandmashouse #snowday #snow #outtacontrol #vsco #vscocam #getoutside #sisters… https://t.co/LxE1kvPRdr"
"400","RT @emimilina: It was nearly 5pm, and finally after a lot of waiting the fans were told we could enter the hall. There was a mother and two…"
"401","Enjoying this relaxing weekend at Pigeon Forge with myGirls… https://t.co/2tkaxEtHw0"
"402","Wish I was there with my babies today. I love you three more than you know. Cheering you on from home <U+2764><U+FE0F>… https://t.co/9WuzbD47vy"
"403","Is it already summer? <ed><U+00A0><U+00BD><ed><U+00B8><U+008E><ed><U+00A0><U+00BC><ed><U+00BD><U+00BB> #MyGirls #Miriam #Olivia #Nervo #CrazyGirls #NervoNation #WeArmada… https://t.co/p53AjhOVjb"
"404","Me , Dedra &amp; Whitney #Mygirls<U+270A><ed><U+00A0><U+00BC><ed><U+00BF><U+00BE>"
"405","RT @emimilina: It was nearly 5pm, and finally after a lot of waiting the fans were told we could enter the hall. There was a mother and two…"
"406","Yes, I really am this lucky.  These two are so special to me!
#lovethem #mygirls #flamesfamily https://t.co/f6t68UKSmD"
"407","RT @emimilina: It was nearly 5pm, and finally after a lot of waiting the fans were told we could enter the hall. There was a mother and two…"
"408","RT @seyongistry: gunwoo twitter update <ed><U+00A0><U+00BD><ed><U+00B2><U+0095>

i’m so happy today! thank you all of you mygirls!!! let’s meet more!! i love you~ thank you every…"
"409","RT @seyongistry: chaejin twitter update <ed><U+00A0><U+00BD><ed><U+00B2><U+0095>

thank you mygirls for coming

#myname #chaejin #present #<U+B9C8><U+C774><U+B124><U+C784> #<U+CC44><U+C9C4> https://t.co/bRvq0evIDf"
"410","RT @emimilina: It was nearly 5pm, and finally after a lot of waiting the fans were told we could enter the hall. There was a mother and two…"
"411","It was nearly 5pm, and finally after a lot of waiting the fans were told we could enter the hall. There was a mothe… https://t.co/DQv7bQYrlK"
"412","RT @seyongistry: chaejin twitter update <ed><U+00A0><U+00BD><ed><U+00B2><U+0095>

thank you mygirls for coming

#myname #chaejin #present #<U+B9C8><U+C774><U+B124><U+C784> #<U+CC44><U+C9C4> https://t.co/bRvq0evIDf"
"413","@IndianaWBB Let’s Go Guys we Got This #ibelieve #mygirls @TeriMoren  @tbuss3 @acahi11 rest of my girls <ed><U+00A0><U+00BD><ed><U+00B2><U+00AA><ed><U+00A0><U+00BC><ed><U+00BF><U+00BB> https://t.co/H07smsCnCl"
"414","RT @seyongistry: chaejin twitter update <ed><U+00A0><U+00BD><ed><U+00B2><U+0095>

thank you mygirls for coming

#myname #chaejin #present #<U+B9C8><U+C774><U+B124><U+C784> #<U+CC44><U+C9C4> https://t.co/bRvq0evIDf"
"415","RT @seyongistry: gunwoo twitter update <ed><U+00A0><U+00BD><ed><U+00B2><U+0095>

i’m so happy today! thank you all of you mygirls!!! let’s meet more!! i love you~ thank you every…"
"416","Overnight with mygirls https://t.co/NQnmpn7a0d"
"417","Breakfast date with my girls, downtown Charleston! #mygirls https://t.co/0NTJDtlAKI"
"418","Happy Bitthday Baby Ziv <ed><U+00A0><U+00BC><ed><U+00BE><U+0081>  #Niece #MyGirls #Family https://t.co/dd3tHQs9BI"
"419","Finally #cheerleading #mygirls #theyhappy tenacity #footballandcheer @ Douglass High School https://t.co/lHuHU3UzVw"
"420","RT @cbramlett18: This pic was taken Tuesday. These are my girls. This pic makes me so happy. They’ve figured out what it’s all about. I’m s…"
"421","RT @seyongistry: chaejin twitter update <ed><U+00A0><U+00BD><ed><U+00B2><U+0095>

thank you mygirls for coming

#myname #chaejin #present #<U+B9C8><U+C774><U+B124><U+C784> #<U+CC44><U+C9C4> https://t.co/bRvq0evIDf"
"422","RT @seyongistry: gunwoo twitter update <ed><U+00A0><U+00BD><ed><U+00B2><U+0095>

i’m so happy today! thank you all of you mygirls!!! let’s meet more!! i love you~ thank you every…"
"423","this is one of the toughest days since i became a WBB Fan.  
So many of #MyGirls competing against each other
Saying goodbye to....     
<ed><U+00A0><U+00BD><ed><U+00B8><U+00AD><ed><U+00A0><U+00BD><ed><U+00B8><U+00AD><ed><U+00A0><U+00BD><ed><U+00B8><U+00AD>"
"424","RT @seyongistry: gunwoo twitter update <ed><U+00A0><U+00BD><ed><U+00B2><U+0095>

i’m so happy today! thank you all of you mygirls!!! let’s meet more!! i love you~ thank you every…"
"425","RT @seyongistry: gunwoo twitter update <ed><U+00A0><U+00BD><ed><U+00B2><U+0095>

i’m so happy today! thank you all of you mygirls!!! let’s meet more!! i love you~ thank you every…"
"426","About to be out and about in DC and I’m just worried about the rain...the rain is not my friend. I just straightene… https://t.co/TKikIYnUy7"
"427","RT @seyongistry: gunwoo twitter update <ed><U+00A0><U+00BD><ed><U+00B2><U+0095>

i’m so happy today! thank you all of you mygirls!!! let’s meet more!! i love you~ thank you every…"
"428","RT @seyongistry: chaejin twitter update <ed><U+00A0><U+00BD><ed><U+00B2><U+0095>

thank you mygirls for coming

#myname #chaejin #present #<U+B9C8><U+C774><U+B124><U+C784> #<U+CC44><U+C9C4> https://t.co/bRvq0evIDf"
"429","MyGirls <ed><U+00A0><U+00BD><ed><U+00B8><U+008D><ed><U+00A0><U+00BD><ed><U+00B8><U+0098><ed><U+00A0><U+00BD><ed><U+00B8><U+008B><ed><U+00A0><U+00BD><ed><U+00B2><U+009E>  Miss you sissy Jessa See you soonest <ed><U+00A0><U+00BD><ed><U+00B8><U+0082><ed><U+00A0><U+00BD><ed><U+00B8><U+0098>"
"430","Dinner time after a brilliant day of work #mygirls  #workdone #johnlewis #ilovemylife<U+2764><U+FE0F> @ Inn On… https://t.co/a1kaolyA2q"
"431","RT @jlndenise: 11:11 mygirls."
"432","11:11 mygirls."
"433","Averi is just kicking away this morning and Liyah is snuggled up so close to me still snoring away #WhatILiveFor #MyGirls <ed><U+00A0><U+00BD><ed><U+00B2><U+009D><ed><U+00A0><U+00BC><ed><U+00BE><U+0080>"
"434","From props &amp; costume, to hairdos.
#fnafngnanay
#stagemomandproud
#mygirls
Thank you tita Weng A. Dela Cruz for their make up. <ed><U+00A0><U+00BD><ed><U+00B8><U+0098><ed><U+00A0><U+00BD><ed><U+00B8><U+0098><ed><U+00A0><U+00BD><ed><U+00B8><U+0098>"
"435","MyGirls<ed><U+00A0><U+00BD><ed><U+00B2><U+0095> https://t.co/nGOsvLpKIW"
"436","chaejin twitter update <ed><U+00A0><U+00BD><ed><U+00B2><U+0095>

thank you mygirls for coming

#myname #chaejin #present #<U+B9C8><U+C774><U+B124><U+C784> #<U+CC44><U+C9C4> https://t.co/bRvq0evIDf"
"437","gunwoo twitter update <ed><U+00A0><U+00BD><ed><U+00B2><U+0095>

i’m so happy today! thank you all of you mygirls!!! let’s meet more!! i love you~ thank yo… https://t.co/xERnAZl1H9"
"438","Yesterdey night..<U+203C><U+FE0F> #with #mygirls #yesterday #night.. #makeup #makeupartist #mymakeup… https://t.co/nEmYFrAlif"
"439","My daughters live several hours away from each other but have managed to be in the same place 3 times this month.… https://t.co/oWc8NYHsKp"
"440","RT @Georgiareig: First win of the season yesterday and first home game today!! #moneyteam #goaliesareweird #mygirls https://t.co/1clT9j5A9Z"
"441","RT @beautycounterAK: Last day at the beach #vacation #familytime #mygirls @ St Kitts &amp; Nevis https://t.co/3Bf04LUmco"
"442","Last day at the beach #vacation #familytime #mygirls @ St Kitts &amp; Nevis https://t.co/3Bf04LUmco"
"443","RT @MarlMotruk: Full swing - Daddy/Daughter Dance  #mygirls https://t.co/g3k5XA1Sn5"
"444","It's Saturday!!! #Romi #Gaya #mygirls<ed><U+00A0><U+00BD><ed><U+00B2><U+0095> @ Nesher https://t.co/F1RVK7qyhH"
"445","It’s as if you wake up today on a strange planet where everyth... More for Gemini https://t.co/YhjUeBF7Gz"
"446","Soothe and heal your soul in nature - #mygirls #quotes #animallove  #mcm #wcw #fitfam #fitspo… https://t.co/vtYBgDaErX"
"447","RT @Sagarikamoon: Mygirls who can go to MYNAME's fanmeet Pls go . Take your friends along <U+3160><U+3160> He's worrying too much   <U+3160><U+3160> 
How I wish I coul…"
"448","RT @risingbaby: I can’t understand why Korea is still sleeping on Myname <ed><U+00A0><U+00BD><ed><U+00B9><U+0084>
Can you please wake up ? Why can’t you see their talent, kindnes…"
"449","<ed><U+00A0><U+00BD><ed><U+00B2><U+009A>Morning jammies selfie of my girls! My lil world in one photo <ed><U+00A0><U+00BD><ed><U+00B2><U+009A>
#mygirls #myworld #growingup… https://t.co/fNpZRrn6jx"
"450","Last night bedtime reading #family #love #mygirls #tattoos #daddy #mummy #baby #happytimes… https://t.co/aXCBETiJa5"
"451","I JUST WISH mygirls would not share old pictures from the previous fan meeting on a day like this.. LOL every time… https://t.co/KhSlacjzn0"
"452","@irumeria Thanks~ I can do the kanji and romanized lyrics by myself but for translations I will use yours with plea… https://t.co/XkMXAOLx1B"
"453","Are there any other intl mygirls who can’t attend the myname fanmeet and want to mope together with me"
"454","this makes me sound like i see them by my own eyes lol i mean i see mygirls saying that on fancafe"
"455","i even see mygirls from countryside goes to fanmeet by train!!!!! and since the fanmeet starts at 5pm it will end b… https://t.co/7rEFSuPNPh"
"456","1hr and a half to travel to Glentress to see me race and they’re still smiling after getting up at 6am! My number o… https://t.co/jMV5KrGLVl"
"457","[#MYNamPRESENT Update] 
24.02.2019 
#MyGirls sharing #Seyong posters slogans at the Coffee Bean… https://t.co/gZ42cZo5VX"
"458","Beautiful sunset. #haidagwaii #sunset #ridgeback #mygirls https://t.co/56f91j0wV7"
"459","Who’s a pretty girl? #ridgeback #mygirls https://t.co/34JIhpA4n2"
"460","My ladies abisurlamendez emflors sharonsaturday #nighout #mygirls #drinks #cheers #fridate… https://t.co/lnYhQgjvoT"
"461","I am so fortunate that I have such strong girlfriends that keep me going.
#BestFriends #mygirls"
"462","RT @cbramlett18: This pic was taken Tuesday. These are my girls. This pic makes me so happy. They’ve figured out what it’s all about. I’m s…"
"463","Deeeelicious #fridaynightdinner with #mygirls! <ed><U+00A0><U+00BC><ed><U+00BD><U+00B9><ed><U+00A0><U+00BC><ed><U+00BD><U+00B4><ed><U+00A0><U+00BC><ed><U+00BC><U+00B8> #mexicanfood #nomnom #pinacolada https://t.co/0JHrrNNVCs"
"464","Somewhere between the 5:30 mornings, sticky hands, and goodnight kisses, motherhood hit me. Everyday has a story an… https://t.co/84vW9UfZNr"
"465","<ed><U+00A0><U+00BD><ed><U+00B3><U+008D>abrza w mygirls."
"466","So Cutie <ed><U+00A0><U+00BD><ed><U+00B8><U+008D>
#MyGirls #LasAmo #NiñasDeMamá #Sisters #SistersLove <ed><U+00A0><U+00BD><ed><U+00B1><U+00AD><U+2764> https://t.co/3kSIqi00Kw"
"467","We go from classy to trashy so quickly... #classyAF #fridaynight #mygirls #mckibbons… https://t.co/hVD8CCsWr8"
"468","First crawfish of the year!!! #Mygirls #WeOrderedEverything #SoGood #FriYAY #MyLife #SoGood… https://t.co/XTA9SNaPrp"
"469","Love this! Too true way too often! #fitmama #strongwomen #mygirls #holdeachotherup https://t.co/tN5NyFoyaI"
"470","RT @Rebeccayoung94: Forever grateful for my friends. I see girls out there struggling and I wish they had the support we do #wegotlucky #fo…"
"471","Forever grateful for my friends. I see girls out there struggling and I wish they had the support we do #wegotlucky #foreverfriends #mygirls"
"472","Full swing - Daddy/Daughter Dance  #mygirls https://t.co/g3k5XA1Sn5"
"473","My heart <U+2764><U+FE0F><U+2764><U+FE0F><U+2764><U+FE0F> #family #mygirls #love #happy #motherdaughter @ Pearl Street Brewery https://t.co/chICtubKAB"
"474","RT @cbramlett18: This pic was taken Tuesday. These are my girls. This pic makes me so happy. They’ve figured out what it’s all about. I’m s…"
"475","RT @sharnalouisex: Another thing booked for the wedding <ed><U+00A0><U+00BD><ed><U+00B1><U+00B0><ed><U+00A0><U+00BC><ed><U+00BF><U+00BC><ed><U+00A0><U+00BE><ed><U+00B4><U+00B5><ed><U+00A0><U+00BC><ed><U+00BF><U+00BC><ed><U+00A0><U+00BD><ed><U+00B2><U+009C> #wedding #weddinghair #soorganised #bridetobe #bride #bridesmaids #mygirls #p…"
"476","RT @sharnalouisex: Another thing booked for the wedding <ed><U+00A0><U+00BD><ed><U+00B1><U+00B0><ed><U+00A0><U+00BC><ed><U+00BF><U+00BC><ed><U+00A0><U+00BE><ed><U+00B4><U+00B5><ed><U+00A0><U+00BC><ed><U+00BF><U+00BC><ed><U+00A0><U+00BD><ed><U+00B2><U+009C> #wedding #weddinghair #soorganised #bridetobe #bride #bridesmaids #mygirls #p…"
"477","Another thing booked for the wedding <ed><U+00A0><U+00BD><ed><U+00B1><U+00B0><ed><U+00A0><U+00BC><ed><U+00BF><U+00BC><ed><U+00A0><U+00BE><ed><U+00B4><U+00B5><ed><U+00A0><U+00BC><ed><U+00BF><U+00BC><ed><U+00A0><U+00BD><ed><U+00B2><U+009C> #wedding #weddinghair #soorganised #bridetobe #bride #bridesmaids… https://t.co/5CJuW2sAu7"
"478","Baby girl earlier cute on this rainy<U+2614><U+FE0F>day !! <ed><U+00A0><U+00BC><ed><U+00BC><U+00A7>  #mygirls https://t.co/WeL19tJqcy"
"479","All I need... <ed><U+00A0><U+00BD><ed><U+00B8><U+00AC>
.
.
.
#mygirls #family #inlove #nature #outdoors #mountains #winter #snow… https://t.co/FDgKnMTp49"
"480","i make it happen for me , myGirls &amp; him <ed><U+00A0><U+00BE><ed><U+00B4><U+009E><ed><U+00A0><U+00BC><ed><U+00BF><U+00BC>"
"481","RT @EllenLlewellyn: Fantastic for @EncoreWales and @elinwynmurphy to be recognised for their fundraising efforts for @air_ambulance today a…"
"482","Don’t leave my side,.. in bath and she lay waiting <ed><U+00A0><U+00BD><ed><U+00B2><U+0095> #loyal #mygirls… https://t.co/SHj3ZIgfu2"
"483","Fantastic for @EncoreWales and @elinwynmurphy to be recognised for their fundraising efforts for @air_ambulance tod… https://t.co/X4GMUblsQx"
"484","These little ladies had a blast at Disney On Ice today!! <ed><U+00A0><U+00BD><ed><U+00B2><U+0095><ed><U+00A0><U+00BD><ed><U+00B2><U+0095> #disney #disneyonice #mygirls… https://t.co/Gz8hvvQZni"
"485","RT @Devman33: Always love my time with this threesome... #dadlife #dadsquad #myfamily #mygirls https://t.co/wjro8ClwOH"
"486","Always love my time with this threesome... #dadlife #dadsquad #myfamily #mygirls https://t.co/wjro8ClwOH"
"487","""#MYGiRLS..!"" <U+25C6><U+265B>BILLBOY®™ #iTSNEVEREASY®™ https://t.co/aEKu78WjQl"
"488","RT @cbramlett18: This pic was taken Tuesday. These are my girls. This pic makes me so happy. They’ve figured out what it’s all about. I’m s…"
"489","Sister-love #mygirls #myprincess https://t.co/4VlLZ47x7n"
"490","RT @cbramlett18: This pic was taken Tuesday. These are my girls. This pic makes me so happy. They’ve figured out what it’s all about. I’m s…"
"491","RT @cbramlett18: This pic was taken Tuesday. These are my girls. This pic makes me so happy. They’ve figured out what it’s all about. I’m s…"
"492","When you bring your besties together to celebrate your best day, who doesn’t need a pink beer coozie?
.
.
.… https://t.co/ogmFzkhRY4"
"493","RT @cbramlett18: This pic was taken Tuesday. These are my girls. This pic makes me so happy. They’ve figured out what it’s all about. I’m s…"
"494","One year ago today in a silent theatre inside of Monroe high completely full of people my daughter yelled GOOD JOB… https://t.co/FSPdkTNg7b"
"495","RT @cbramlett18: This pic was taken Tuesday. These are my girls. This pic makes me so happy. They’ve figured out what it’s all about. I’m s…"
"496","This pic was taken Tuesday. These are my girls. This pic makes me so happy. They’ve figured out what it’s all about… https://t.co/EDBL1e6CLZ"
"497","RT @alwayscrossgene: <U+2015> rest in piece our little baby natto<ed><U+00A0><U+00BD><ed><U+00B0><U+00BE>

natto-ya, i will not forget you and the memories you shared with your dad
than…"
"498","RT @bydahway: Too cute! #lildiva and #tinydiva head off to school all cozied up for #PajamaDay! #mygirls #purimprep #pjs #poopemoji #footsi…"
"499","Hailee and Emma’s very first @Starbucks! #vanillabean #gettingolder #vacationtreats #MyGirls https://t.co/8rdV7c2VxA"
"500","Come out and watch some women's rugby! #Rugby #safrcladies #womensrugby #rugbyfam #ruggers #dontmesswithus #mygirls https://t.co/QmpDGG1gNe"
"501","WJSN'S TEASER MYGIRLS"
"502","I have the best friends! <U+263A><U+FE0F><ed><U+00A0><U+00BD><ed><U+00B8><U+0098><ed><U+00A0><U+00BD><ed><U+00B1><U+00AD><ed><U+00A0><U+00BD><ed><U+00B1><U+00AD> #badgers #mygirls… https://t.co/15wbCHyB0Y"
"503","RT @alwayscrossgene: <U+2015> rest in piece our little baby natto<ed><U+00A0><U+00BD><ed><U+00B0><U+00BE>

natto-ya, i will not forget you and the memories you shared with your dad
than…"
"504","Your internal conflicts are often neatly tucked away and out o... More for Gemini https://t.co/YhjUeBF7Gz"
"505","Hearing my tori say “I’m excited to see my big sister, I like my big sister” melts me <ed><U+00A0><U+00BD><ed><U+00B2><U+0095> #mygirls<U+2764><U+FE0F><ed><U+00A0><U+00BD><ed><U+00B1><U+00B1><ed><U+00A0><U+00BC><ed><U+00BF><U+00BC><U+200D><U+2640><U+FE0F><ed><U+00A0><U+00BD><ed><U+00B1><U+00A7><ed><U+00A0><U+00BC><ed><U+00BF><U+00BC>"
"506","These two melt me... <U+2764>#mygirls #honey #poppy #gorgeousgirls https://t.co/6P5Z9iAmHS"
"507","RT @thegameisever: 180222 gugudan @ SBS PopAsia gugu's Hilarious Karaoke Impression

Who is the funniest member?
Soyee: SALLY

Who is the c…"
"508","RT @linnnndi: Mygirls, Myboys and fans of Seyong from The Unit - we need your help!
We want to help make MYNAME's dreams of a Korean comeba…"
"509","RT @_sejeongdays: [INFO] #Sejeong met with 6 I.O.I members during her Chinese New Year break

#<U+AE40><U+C138><U+C815> #<U+C138><U+C815> https://t.co/jXMJ4CVwzo"
"510","Nothing like cleaning and finding sonograms from 11 years ago #bestillmyheart #timeslowdown #ohitstwins #mygirls https://t.co/vlxkcbh9Vw"
"511","It’s Friday..!!!  Get-in ... out for the afternoon with these three little doll-faces #halfterm #mygirls… https://t.co/MqdEcCUAcp"
"512","Still love this pic <ed><U+00A0><U+00BD><ed><U+00B4><U+00AE><ed><U+00A0><U+00BD><ed><U+00B2><U+009C><ed><U+00A0><U+00BC><ed><U+00BE><U+0086> #MyGirls https://t.co/oBT32IUILs"
"513","Chill <U+2600><U+FE0F>#mygirls en Golf y Country Club de trujillo https://t.co/KbzueqfRXj"
"514","Too cute! #lildiva and #tinydiva head off to school all cozied up for #PajamaDay! #mygirls #purimprep #pjs… https://t.co/dLOUuS1ZcK"
"515","GFB Ya’ll Jazz/ Blue night! #princess #band #jazz #blues #jazzblues #mygirls #thursday… https://t.co/Upub1tSmmi"
"516","Even im not into sangat dengan event malam ni but yahhh im just missing mygirls so much. So tak sabar nak jumpa dor… https://t.co/FEZzDLtRYc"
"517","My girls. She loves holding her sister. #sisters #mygirls #ourfamily… https://t.co/fKl3T1KJDZ"
"518","Y’all tell me my chubby nieces aren’t the cutest!<ed><U+00A0><U+00BD><ed><U+00B8><U+008D>I’m so glad I got two nieces in one month this summer! I adore th… https://t.co/f6nCrGeABU"
"519","Me and my girls tonight at science fair <ed><U+00A0><U+00BD><ed><U+00B4><U+00AD><ed><U+00A0><U+00BD><ed><U+00B4><U+00AC>

#Twinings 
#MyGirls… https://t.co/0wCnRLCfAE"
"520","My Dingmann girls are moving to the land of the bazillion lakes! #mygirls #purplehouse"
"521","First win of the season yesterday and first home game today!! #moneyteam #goaliesareweird #mygirls https://t.co/1clT9j5A9Z"
"522","Trying to get a relatively ‘normal’ picture.. these girls <ed><U+00A0><U+00BD><ed><U+00B9><U+0084><ed><U+00A0><U+00BD><ed><U+00B8><U+0082> #mygirls https://t.co/YE8kXyAYik"
"523","https://t.co/sOTxQ7pXZE ::i missed them so_much:~( 
they all look so adorable m<U+A67C>¨u<U+A67C>¨a<U+A67C>¨h<U+A67C>¨ ~~ 
my <U+2665><U+FE0E> in (5) human f… https://t.co/bhQI9S4aA8"
"524","Althea, Serena, Vee, and Sloane #mygirls <U+263A><U+FE0F><ed><U+00A0><U+00BD><ed><U+00B2><U+009E><ed><U+00A0><U+00BD><ed><U+00B2><U+009E> https://t.co/ZgWCrY4tzV"
"525","Legs for days!! #booty<ed><U+00A0><U+00BC><ed><U+00BD><U+0091> #sexy #mygirls #palmsprings #palmbeach #model #fashion #fashionblogger… https://t.co/8ESs9nPpA6"
"526","I guess they missed me... #Home #Copland #Sadler #MyGirls #MyWorld #FurBabies https://t.co/miTJNp1iqI"
"527","RT @linnnndi: Mygirls, Myboys and fans of Seyong from The Unit - we need your help!
We want to help make MYNAME's dreams of a Korean comeba…"
"528","RT @JamieJones212: It’s been 5 days and I’m getting withdrawals from my girls @bannister_mel @daisyy26 #mygirls #wheresthewine"
"529","RT @linnnndi: Mygirls, Myboys and fans of Seyong from The Unit - we need your help!
We want to help make MYNAME's dreams of a Korean comeba…"
"530","RT @tee_chanel: MyGirls<ed><U+00A0><U+00BD><ed><U+00B2><U+0095> https://t.co/joWg28P7yZ"
"531","Backyard hanging with perfect weather!  #nc #February #mygirls #myworld #twinlife #bffs https://t.co/5VEoQenk1K"
"532","Feeling exceptionally grateful for these two and our beach days today <U+2764><U+FE0F><ed><U+00A0><U+00BC><ed><U+00BC><U+008A> #happyplace #mygirls https://t.co/jkg7VwKp07"
"533","Wakanda forever lol <ed><U+00A0><U+00BE><ed><U+00B4><U+00B7><ed><U+00A0><U+00BC><ed><U+00BF><U+00BE><U+200D><U+2640><U+FE0F><ed><U+00A0><U+00BD><ed><U+00B9><U+0085><ed><U+00A0><U+00BC><ed><U+00BF><U+00BE><U+200D><U+2640><U+FE0F> .
.
.
.
#africanskillingit #mygirls #childhoodfriends #lastweek… https://t.co/IOcCR8cmpE"
"534","MyGirls<ed><U+00A0><U+00BD><ed><U+00B2><U+0095> https://t.co/joWg28P7yZ"
"535","It’s been 5 days and I’m getting withdrawals from my girls @bannister_mel @daisyy26 #mygirls #wheresthewine"
"536","Her glasses <ed><U+00A0><U+00BD><ed><U+00B8><U+0082>#mygirls https://t.co/gLW3FKQKo0"
"537","Snap fun. <U+2665><U+FE0F> #mygirls #selfies #snapchat #favefilter https://t.co/VZxfy3uboD"
"538","Didn’t realize I even had them this long #tbt #MyGirls <ed><U+00A0><U+00BD><ed><U+00B2><U+009E> https://t.co/zEPG7sygiy"
"539","@DOouja_BK94 @Alleeza But he could sing!! Maybe he was nervous because mygirls were watching? Lol"
"540","@DOouja_BK94 He should've asked international fans! Korean MYgirls are asleep lol it was so hard to reach 50 people <ed><U+00A0><U+00BD><ed><U+00B8><U+0082>"
"541","Daddy and his girls, just chilling on the bed.  #bliss 
#itsadogslife #me #lilly #coco #wilco #pups… https://t.co/btIHyozuiI"
"542","@MYNAME_KYong MyGirls are proud of you. We love you SeYong <ed><U+00A0><U+00BD><ed><U+00B8><U+0097><ed><U+00A0><U+00BD><ed><U+00B8><U+0097>"
"543","Fun times with these two! #lovethemtopieces #mygirls <U+2764><U+FE0F><U+2764><U+FE0F> https://t.co/AcKDOOioPY"
"544","The Best Girls <ed><U+00A0><U+00BD><ed><U+00B2><U+0095> #bridesmaids #bridesquad #mygirls #bestfriends https://t.co/QIinKz8oCy"
"545","Homeward bound!!! Gotta get back to my team!! @kirsten_joeyR and adventuresofanniemoon #mygirls… https://t.co/TQU0DS4IWu"
"546","MyGirls<U+2665><U+FE0F><U+2665><U+FE0F>"
"547","RT @risingbaby: Everyone is so kind and really love the boys...Mygirls would do anything for their suceed ! 
I just want everyone to know h…"
"548","Great to get our quad crew out now that illness &amp; injury have retreated<ed><U+00A0><U+00BD><ed><U+00B8><U+0083>Good conditions for lots of tech &amp; a couple… https://t.co/fxPPf4PLkk"
"549","You can only hold onto a specific position so long today becau... More for Gemini https://t.co/YhjUeBF7Gz"
"550","@chae_jin1226 have fun i hope lots of mygirls shower you all with unconditional love <U+2764><U+FE0F>"
"551","#mygirls #crazy <U+2764><U+FE0F> Always put a smile on my face https://t.co/R6grtnKGbD"
"552","It's time to go and do what I do.... But I nvr want to go as I will miss time with my 3 dipsticks... #dadlife #dadsquad #myfamily #mygirls"
"553","Still so proud!!! #Canada #canadavsusa #GoCanadaGo #Silver #MyGirls"
"554","RT @TessaLNeeley: Love these beauties <ed><U+00A0><U+00BD><ed><U+00B2><U+009B><ed><U+00A0><U+00BC><ed><U+00BC><U+00BB><ed><U+00A0><U+00BC><ed><U+00BC><U+009E> _keeks_xo_ mocabean #mygirls #selfielove #girltime #lavibes #babes https://t.co/WsITOcx8Hl"
"555","RT @acng_93: seyong's remind us mygirls again to attend the fanmeet, yo listen to your king"
"556","RT @thtkid_nick: 2 MORE DAYYS TILL GT’S FAV BOY CHEERLEADER<U+2728> FUCKS IT UP AT NATIONALS WITH MY GIRLS #MyGirls #LBDT https://t.co/OBJ9Mhi9kF"
"557","Come on ref!!!! Are you seeing stripes and stars???? #OlympicHockey #Olympics #PyeongChang2018 #GoCanadaGo… https://t.co/jPupGtBF5S"
"558","RT @britnito_: tomorrow is National Margarita Day ... <ed><U+00A0><U+00BD><ed><U+00B2><U+0083><ed><U+00A0><U+00BC><ed><U+00BF><U+00BC><ed><U+00A0><U+00BC><ed><U+00BD><U+00B8>@mygirls"
"559","I can’t express the joy I felt when I got home from work tonight and my phone connected to my WiFi and downloaded a… https://t.co/Mekx1j4YlF"
"560","@britnito_ @MyGirls Let’s go tomorrow"
"561","RT @baumansbrain: It’s @fionabau 19th birthday today! @KristinaBauman made this album of RestingBaumanFace sisterhood thru the years...  #m…"
"562","Let’s go girls!! Cheering loud and proud!! Go Canada Go!!! @ShannonSzabados #BelieveWeCAN @natspooner5  @pou29… https://t.co/Ijy447nfVP"
"563","@britnito_ @MyGirls I thought this said today"
"564","@britnito_ @MyGirls Ok but i hit you up"
"565","Love these beauties <ed><U+00A0><U+00BD><ed><U+00B2><U+009B><ed><U+00A0><U+00BC><ed><U+00BC><U+00BB><ed><U+00A0><U+00BC><ed><U+00BC><U+009E> _keeks_xo_ mocabean #mygirls #selfielove #girltime #lavibes #babes https://t.co/WsITOcx8Hl"
"566","RT @kissinkaybee__: MyGirls and I<ed><U+00A0><U+00BD><ed><U+00B8><U+00BB><ed><U+00A0><U+00BD><ed><U+00B2><U+0095> https://t.co/2bR1avC7Rh"
"567","MyGirls and I<ed><U+00A0><U+00BD><ed><U+00B8><U+00BB><ed><U+00A0><U+00BD><ed><U+00B2><U+0095> https://t.co/2bR1avC7Rh"
"568","i got sunshine on a cloudy day<U+2600><U+FE0F> #mygirls #wcw https://t.co/toavVVdtbx"
"569","@NESNnext @merrimack Love it!! #mygirls"
"570","RT @alwayscrossgene: <U+2015> rest in piece our little baby natto<ed><U+00A0><U+00BD><ed><U+00B0><U+00BE>

natto-ya, i will not forget you and the memories you shared with your dad
than…"
"571","I don’t think u’re ready for this jelly. <ed><U+00A0><U+00BD><ed><U+00B9><U+0085><ed><U+00A0><U+00BC><ed><U+00BF><U+00BC><U+200D><U+2640><U+FE0F><ed><U+00A0><U+00BD><ed><U+00B9><U+0085><ed><U+00A0><U+00BC><ed><U+00BF><U+00BC><U+200D><U+2640><U+FE0F> #thesegirls #mygirls #twins #Beans #rowebean… https://t.co/czeDxokVKx"
"572","RT @britnito_: tomorrow is National Margarita Day ... <ed><U+00A0><U+00BD><ed><U+00B2><U+0083><ed><U+00A0><U+00BC><ed><U+00BF><U+00BC><ed><U+00A0><U+00BC><ed><U+00BD><U+00B8>@mygirls"
"573","RT @britnito_: tomorrow is National Margarita Day ... <ed><U+00A0><U+00BD><ed><U+00B2><U+0083><ed><U+00A0><U+00BC><ed><U+00BF><U+00BC><ed><U+00A0><U+00BC><ed><U+00BD><U+00B8>@mygirls"
"574","tomorrow is National Margarita Day ... <ed><U+00A0><U+00BD><ed><U+00B2><U+0083><ed><U+00A0><U+00BC><ed><U+00BF><U+00BC><ed><U+00A0><U+00BC><ed><U+00BD><U+00B8>@mygirls"
"575","#RareDiseaseDay #picchallenge something that represents me, #MyGirls are #MyWorld. Rough day… https://t.co/hrCCJMnlRg"
"576","Wonderful Wednesday #Wednesday #WednesdayMotivation #mygirls… https://t.co/sA0y2gRTri"
"577","RT @alwayscrossgene: <U+2015> rest in piece our little baby natto<ed><U+00A0><U+00BD><ed><U+00B0><U+00BE>

natto-ya, i will not forget you and the memories you shared with your dad
than…"
"578","RT @alwayscrossgene: <U+2015> rest in piece our little baby natto<ed><U+00A0><U+00BD><ed><U+00B0><U+00BE>

natto-ya, i will not forget you and the memories you shared with your dad
than…"
"579","What #sun starved #newyorkers do in February when its 75 degrees <U+2600><U+FE0F><ed><U+00A0><U+00BC><ed><U+00BC><U+008A> #fullcircleliving #mygirls https://t.co/Q466Gqk3ym"
"580","RT @alwayscrossgene: <U+2015> rest in piece our little baby natto<ed><U+00A0><U+00BD><ed><U+00B0><U+00BE>

natto-ya, i will not forget you and the memories you shared with your dad
than…"
"581","RT @alwayscrossgene: <U+2015> rest in piece our little baby natto<ed><U+00A0><U+00BD><ed><U+00B0><U+00BE>

natto-ya, i will not forget you and the memories you shared with your dad
than…"
"582","My Heart Beats <U+2764><U+FE0F><ed><U+00A0><U+00BD><ed><U+00B2><U+00AF>#TB #MyGirls"
"583","Happy snow day! <U+2744><U+FE0F> #mygirls #eastpdx #p https://t.co/PHXtVcs7xf"
"584","Happy snow day! <U+2744><U+FE0F> #mygirls #eastpdx #p https://t.co/PjWdFjciAS"
"585","I love the pictures that get sent around the #AnnSummers group chats<ed><U+00A0><U+00BD><ed><U+00B8><U+0082><ed><U+00A0><U+00BD><ed><U+00B8><U+0088><ed><U+00A0><U+00BD><ed><U+00B9><U+0088>
#mygirls… https://t.co/oDfqEODkzA"
"586","RT @Coach_Molly12: GAME DAY #EmptyTheTank #MyGirls <ed><U+00A0><U+00BC><ed><U+00BF><U+0080> https://t.co/yNXosA7iqE"
"587","RT @alwayscrossgene: <U+2015> rest in piece our little baby natto<ed><U+00A0><U+00BD><ed><U+00B0><U+00BE>

natto-ya, i will not forget you and the memories you shared with your dad
than…"
"588","RT @Coach_Molly12: GAME DAY #EmptyTheTank #MyGirls <ed><U+00A0><U+00BC><ed><U+00BF><U+0080> https://t.co/yNXosA7iqE"
"589","RT @alwayscrossgene: <U+2015> rest in piece our little baby natto<ed><U+00A0><U+00BD><ed><U+00B0><U+00BE>

natto-ya, i will not forget you and the memories you shared with your dad
than…"
"590","RT @alwayscrossgene: <U+2015> rest in piece our little baby natto<ed><U+00A0><U+00BD><ed><U+00B0><U+00BE>

natto-ya, i will not forget you and the memories you shared with your dad
than…"
"591","GAME DAY #EmptyTheTank #MyGirls <ed><U+00A0><U+00BC><ed><U+00BF><U+0080> https://t.co/yNXosA7iqE"
"592","RT @alwayscrossgene: <U+2015> rest in piece our little baby natto<ed><U+00A0><U+00BD><ed><U+00B0><U+00BE>

natto-ya, i will not forget you and the memories you shared with your dad
than…"
"593","RT @linnnndi: Mygirls, Myboys and fans of Seyong from The Unit - we need your help!
We want to help make MYNAME's dreams of a Korean comeba…"
"594","If you think it's about anything else you trippin! 
#mygirls #wpfuture #family #princesses… https://t.co/81FRXGz1jQ"
"595","RT @Bouby_10: <ed><U+00A0><U+00BD><ed><U+00B3><U+008D>Roanne w/ mygirls <ed><U+00A0><U+00BD><ed><U+00B4><U+00A5>"
"596","<ed><U+00A0><U+00BD><ed><U+00B3><U+008D>Roanne w/ mygirls <ed><U+00A0><U+00BD><ed><U+00B4><U+00A5>"
"597","RT @thtkid_nick: 2 MORE DAYYS TILL GT’S FAV BOY CHEERLEADER<U+2728> FUCKS IT UP AT NATIONALS WITH MY GIRLS #MyGirls #LBDT https://t.co/OBJ9Mhi9kF"
"598","<U+2015> rest in piece our little baby natto<ed><U+00A0><U+00BD><ed><U+00B0><U+00BE>

natto-ya, i will not forget you and the memories you shared with your dad
t… https://t.co/mwpoTWsKAb"
"599","My world <ed><U+00A0><U+00BC><ed><U+00BC><U+008E> #mygirls #sisters #lovemygirls #love #thatrightthere… https://t.co/uMyzjWJ0pl"
"600","RT @thtkid_nick: 2 MORE DAYYS TILL GT’S FAV BOY CHEERLEADER<U+2728> FUCKS IT UP AT NATIONALS WITH MY GIRLS #MyGirls #LBDT https://t.co/OBJ9Mhi9kF"
"601","Let’s climb very high up this tree to freak out Dad!!#monkeys  #nerves #angst #mygirls https://t.co/qFkOZz5e1w"
"602","2 MORE DAYYS TILL GT’S FAV BOY CHEERLEADER<U+2728> FUCKS IT UP AT NATIONALS WITH MY GIRLS #MyGirls #LBDT https://t.co/OBJ9Mhi9kF"
"603","Lmao totally us!! I’m the innocent one <ed><U+00A0><U+00BD><ed><U+00B2><U+0081><ed><U+00A0><U+00BC><ed><U+00BF><U+00BB><U+200D><U+2640><U+FE0F> @addeadelina_ the instigator <ed><U+00A0><U+00BD><ed><U+00B8><U+0088>and @gizelleraelyn_  the one who has no… https://t.co/vl7lpRk0no"
"604","RT @MYgirl093: Why are some people talking shit like #MYNAME are going down and so on? They will not go down! Not as long as we MYgirls/MYb…"
"605","Follow me everywhere <ed><U+00A0><U+00BD><ed><U+00B0><U+00B6><ed><U+00A0><U+00BD><ed><U+00B2><U+0095> #mygirls #love #loyality #f%*kallelse… https://t.co/0ORXPQRkmJ"
"606","#mygirls <U+2764><U+FE0F><U+2764><U+FE0F><U+2764><U+FE0F> @ MUSEUM OF ICE CREAM MIAMI https://t.co/PUPfdYOngB"
"607","RT @AyeshaSaeedb: <ed><U+00A0><U+00BD><ed><U+00B9><U+008F> ..
The Ones who are close to me .. I love you<ed><U+00A0><U+00BD><ed><U+00B8><U+008A>.. #youknowwhoyouare <ed><U+00A0><U+00BD><ed><U+00B8><U+008A> #YesYou #MyGirls <ed><U+00A0><U+00BD><ed><U+00B8><U+0099><ed><U+00A0><U+00BD><ed><U+00B8><U+0099> #StayBlessed <ed><U+00A0><U+00BD><ed><U+00B8><U+0099> https://t.co/1s…"
"608","Your hopes are set on receiving recognition today. However, pe... More for Gemini https://t.co/YhjUeBF7Gz"
"609","RT @Sagarikamoon: Mygirls who can go to MYNAME's fanmeet Pls go . Take your friends along <U+3160><U+3160> He's worrying too much   <U+3160><U+3160> 
How I wish I coul…"
"610","RT @acng_93: seyong's remind us mygirls again to attend the fanmeet, yo listen to your king"
"611","seyong's remind us mygirls again to attend the fanmeet, yo listen to your king"
"612","RT @Sagarikamoon: Mygirls who can go to MYNAME's fanmeet Pls go . Take your friends along <U+3160><U+3160> He's worrying too much   <U+3160><U+3160> 
How I wish I coul…"
