"","text","score"
"1","ahhhhhh they are so cute 
 …",1
"2","happiness is meeting my girls after a long time <U+2764><U+FE0F>…",1
"3","there are things that mean more than words can describe",0
"4","th nniversry of women of tomorrow my favorite charity <U+653C><U+3E64><U+613C><U+3E30><U+623C><U+3E64><U+653C><U+3E64><U+623C><U+3E39><U+383C><U+3E66> …",1
"5","at park with on da …",0
"6","sorry not sorry <U+653C><U+3E64><U+613C><U+3E30><U+623C><U+3E65><U+653C><U+3E64><U+623C><U+3E34><U+613C><U+3E34>",-2
"7","we some wild ones <U+653C><U+3E64><U+613C><U+3E30><U+623C><U+3E64><U+653C><U+3E64><U+623C><U+3E38><U+383C><U+3E38>",-1
"8","u can tell who give trouble <U+653C><U+3E64><U+613C><U+3E30><U+623C><U+3E65><U+653C><U+3E64><U+623C><U+3E34><U+613C><U+3E36><U+653C><U+3E64><U+613C><U+3E30><U+623C><U+3E63><U+653C><U+3E64><U+623C><U+3E66><U+623C><U+3E64><U+200D><U+2640><U+FE0F><U+653C><U+3E64><U+613C><U+3E30><U+623C><U+3E64><U+653C><U+3E64><U+623C><U+3E38><U+613C><U+3E39><U+653C><U+3E64><U+613C><U+3E30><U+623C><U+3E64><U+653C><U+3E64><U+623C><U+3E38><U+613C><U+3E39><U+653C><U+3E64><U+613C><U+3E30><U+623C><U+3E64><U+653C><U+3E64><U+623C><U+3E38><U+613C><U+3E39> <U+653C><U+3E64><U+613C><U+3E30><U+623C><U+3E64><U+653C><U+3E64><U+623C><U+3E31><U+613C><U+3E64> <U+653C><U+3E64><U+613C><U+3E30><U+623C><U+3E63><U+653C><U+3E64><U+623C><U+3E65><U+383C><U+3E61><U+653C><U+3E64><U+613C><U+3E30><U+623C><U+3E63><U+653C><U+3E64><U+623C><U+3E65><U+383C><U+3E39><U+653C><U+3E64><U+613C><U+3E30><U+623C><U+3E63><U+653C><U+3E64><U+623C><U+3E65><U+383C><U+3E38>",-1
"9","she love her miah <U+2764><U+FE0F><U+2764><U+FE0F><U+2764><U+FE0F><U+653C><U+3E64><U+613C><U+3E30><U+623C><U+3E64><U+653C><U+3E64><U+623C><U+3E38><U+383C><U+3E64>",1
"10","mygirls <U+653C><U+3E64><U+613C><U+3E30><U+623C><U+3E64><U+653C><U+3E64><U+623C><U+3E32><U+393C><U+3E36>",0
"11","where dem girls at …",0
"12","love nazareth college arts center",1
"13","<U+653C><U+3E64><U+613C><U+3E30><U+623C><U+3E64><U+653C><U+3E64><U+623C><U+3E31><U+613C><U+3E64><U+653C><U+3E64><U+613C><U+3E30><U+623C><U+3E64><U+653C><U+3E64><U+623C><U+3E31><U+613C><U+3E64><U+653C><U+3E64><U+613C><U+3E30><U+623C><U+3E64><U+653C><U+3E64><U+623C><U+3E31><U+613C><U+3E64><U+653C><U+3E64><U+613C><U+3E30><U+623C><U+3E64><U+653C><U+3E64><U+623C><U+3E32><U+393C><U+3E66> cwfworldwide hargraves community center",0
"14","behind every superman is a superwoman <U+653C><U+3E64><U+613C><U+3E30><U+623C><U+3E64><U+653C><U+3E64><U+623C><U+3E32><U+613C><U+3E66><U+653C><U+3E64><U+613C><U+3E30><U+623C><U+3E64><U+653C><U+3E64><U+623C><U+3E32><U+613C><U+3E61><U+653C><U+3E64><U+613C><U+3E30><U+623C><U+3E63><U+653C><U+3E64><U+623C><U+3E66><U+623C><U+3E63>",0
"15","starting the night with a case squad",0
"16","<U+653C><U+3E64><U+613C><U+3E30><U+623C><U+3E64><U+653C><U+3E64><U+623C><U+3E36><U+613C><U+3E34> tanger outlets savannah",0
"17","our first daddy daughter dance with dates",0
"18","highlight of my saturday",0
"19","when you’re watching a pageant and a contestant sings one moment in time by whitney and you actually shed tears bc…",0
"20","just carvin’ it up with my little ski buddies …",0
"21","making a model girls just having a fun night 
 
 
 
 
 
 …",1
"22","spring break selfie …",-1
"23","mini love <U+653C><U+3E64><U+613C><U+3E30><U+623C><U+3E64><U+653C><U+3E64><U+623C><U+3E32><U+393C><U+3E62><U+653C><U+3E64><U+613C><U+3E30><U+623C><U+3E64><U+653C><U+3E64><U+623C><U+3E32><U+393C><U+3E36><U+653C><U+3E64><U+613C><U+3E30><U+623C><U+3E64><U+653C><U+3E64><U+623C><U+3E32><U+393C><U+3E39> …",1
"24","me amp my babies going for our early mothers day meal<U+2764>",0
"25","i ma always take care my mines",0
"26","if anything happens i will be at",0
"27","riding the train at landa park",0
"28","girls night <U+653C><U+3E64><U+613C><U+3E30><U+623C><U+3E65><U+653C><U+3E64><U+623C><U+3E35><U+383C><U+3E32> …",0
"29","wrinkleintime at the movies perfect for a snowy afternoon empire theatres…",1
"30","my girls just chilling in the kitchen this afternoon
 …",0
"31","last night with the girls was lush drinks and food make us happy …",2
"32","time to unds these black cement s special occasion of course",0
"33","afternoon walk with my girls",0
"34","drowning my sorrows seen as i wont be waking upto my girls on mothers day …",-1
"35","when coach hughes leaves her phone on the bench <U+26BD><U+FE0F> <U+653C><U+3E64><U+613C><U+3E30><U+623C><U+3E64><U+653C><U+3E64><U+623C><U+3E32><U+393C><U+3E35>",0
"36","it feels like home",1
"37","now that high school basketball is over we are ready to cheer on ku during march madness …",1
"38","sat making mummy a mother’s day card …",0
"39","some days you walk on this planet your heart is full and you just know how blessed you are …",0
"40","faithless vvip this is how we girls roll <U+2764><U+FE0F> wild waters boksburg",-2
"41","saturday mornings <U+653C><U+3E64><U+613C><U+3E30><U+623C><U+3E64><U+653C><U+3E64><U+623C><U+3E38><U+383C><U+3E64><U+2615> there should really be a laundry emoji <U+653C><U+3E64><U+613C><U+3E30><U+623C><U+3E64><U+653C><U+3E64><U+623C><U+3E38><U+383C><U+3E30>
 
 
 
 …",0
"42","mygirls forever <U+653C><U+3E64><U+613C><U+3E30><U+623C><U+3E65><U+653C><U+3E64><U+623C><U+3E34><U+393C><U+3E65><U+653C><U+3E64><U+613C><U+3E30><U+623C><U+3E63><U+653C><U+3E64><U+623C><U+3E66><U+623C><U+3E64><U+653C><U+3E64><U+613C><U+3E30><U+623C><U+3E64><U+653C><U+3E64><U+623C><U+3E38><U+383C><U+3E61>",0
"43","friendship never ends <U+653C><U+3E64><U+613C><U+3E30><U+623C><U+3E64><U+653C><U+3E64><U+623C><U+3E31><U+613C><U+3E66>",0
"44","belated birthday amp early mother’s day date with my girls <U+653C><U+3E64><U+613C><U+3E30><U+623C><U+3E64><U+653C><U+3E64><U+623C><U+3E38><U+393C><U+3E38> not sure about the shadow down libs <U+653C><U+3E64><U+613C><U+3E30><U+623C><U+3E64><U+653C><U+3E64><U+623C><U+3E32><U+393C><U+3E35>",-1
"45","beautiful<U+653C><U+3E64><U+613C><U+3E30><U+623C><U+3E64><U+653C><U+3E64><U+623C><U+3E32><U+393C><U+3E62> it s really great thank you for everything fo…",2
"46","happy birthday myname mommy <U+653C><U+3E64><U+613C><U+3E30><U+623C><U+3E64><U+653C><U+3E64><U+623C><U+3E38><U+613C><U+3E64><U+653C><U+3E64><U+613C><U+3E30><U+623C><U+3E64><U+653C><U+3E64><U+623C><U+3E38><U+613C><U+3E64><U+653C><U+3E64><U+613C><U+3E30><U+623C><U+3E64><U+653C><U+3E64><U+623C><U+3E38><U+613C><U+3E64><U+653C><U+3E64><U+613C><U+3E30><U+623C><U+3E64><U+653C><U+3E64><U+623C><U+3E32><U+393C><U+3E35><U+653C><U+3E64><U+613C><U+3E30><U+623C><U+3E64><U+653C><U+3E64><U+623C><U+3E32><U+393C><U+3E35> we love you and appreciate you taking care to the babies in the group <U+653C><U+3E64><U+613C><U+3E30><U+623C><U+3E64><U+653C><U+3E64><U+623C><U+3E38><U+383C><U+3E32><U+653C><U+3E64><U+613C><U+3E30><U+623C><U+3E64><U+653C><U+3E64><U+623C><U+3E38><U+383C><U+3E32><U+653C><U+3E64><U+613C><U+3E30><U+623C><U+3E64><U+653C><U+3E64><U+623C><U+3E32><U+393C><U+3E35><U+653C><U+3E64><U+613C><U+3E30><U+623C><U+3E64><U+653C><U+3E64><U+623C><U+3E32><U+393C><U+3E35> seriously thou…",3
"47","mom daughter necklace set
 …",0
"48","you don’t want to restrict yourself when it comes to your work more for gemini",0
"49","also happy birthday to one of the most precious human being in my life i miss you so so so much and i hope you re happy and h…",2
"50","there’s my girls can’t wait to come to your passing out ball …",0
"51","i hope insoo s been having a good time at the animal shelter with mygirls <U+653C><U+3E64><U+613C><U+3E30><U+623C><U+3E64><U+653C><U+3E64><U+623C><U+3E38><U+383C><U+3E61> i wish i could ve gone but i think i applied too…",1
"52","will always love these special two <U+653C><U+3E64><U+613C><U+3E30><U+623C><U+3E64><U+653C><U+3E64><U+623C><U+3E32><U+393C><U+3E65><U+653C><U+3E64><U+613C><U+3E30><U+623C><U+3E64><U+653C><U+3E64><U+623C><U+3E32><U+393C><U+3E65><U+653C><U+3E64><U+613C><U+3E30><U+623C><U+3E64><U+653C><U+3E64><U+623C><U+3E32><U+393C><U+3E65>",1
"53","hello dreamcatcher’s st concert in seoul i love mygirls",1
"54","gotta tackle the mountain",0
"55","mygirls good morning and have a good day like our group s name <U+653C><U+3E64><U+613C><U+3E30><U+623C><U+3E64><U+653C><U+3E64><U+623C><U+3E38><U+383C><U+3E33><U+653C><U+3E64><U+613C><U+3E30><U+623C><U+3E64><U+653C><U+3E64><U+623C><U+3E38><U+393C><U+3E61> hwaiting 
 …",3
"56","and know i go hard for them <U+653C><U+3E64><U+613C><U+3E30><U+623C><U+3E64><U+653C><U+3E64><U+623C><U+3E38><U+383C><U+3E39> if a ugly bitch gone come for me make sure her beard is gone…",-3
"57","game day for my girls travelling to penwortham town fc for a friendly <U+653C><U+3E64><U+613C><U+3E30><U+623C><U+3E64><U+653C><U+3E64><U+623C><U+3E31><U+383C><U+3E63><U+653C><U+3E64><U+613C><U+3E30><U+623C><U+3E63><U+653C><U+3E64><U+623C><U+3E66><U+623C><U+3E63><U+2764><U+FE0F><U+26BD><U+FE0F>",1
"58","happy birthday to insoo from usa from mygirls and insmile s",1
"59","saturday night fever at mygirls tonight <U+653C><U+3E64><U+613C><U+3E30><U+623C><U+3E64><U+653C><U+3E64><U+623C><U+3E32><U+383C><U+3E33><U+653C><U+3E64><U+613C><U+3E30><U+623C><U+3E64><U+653C><U+3E64><U+623C><U+3E32><U+383C><U+3E33> so many to choose from call for a detailed description <U+653C><U+3E64><U+613C><U+3E30><U+623C><U+3E64><U+653C><U+3E64><U+623C><U+3E38><U+383C><U+3E64><U+653C><U+3E64><U+613C><U+3E30><U+623C><U+3E64><U+653C><U+3E64><U+623C><U+3E38><U+383C><U+3E64>",-1
"60","goodluck mygirls <U+653C><U+3E64><U+613C><U+3E30><U+623C><U+3E64><U+653C><U+3E64><U+623C><U+3E38><U+393C><U+3E38><U+653C><U+3E64><U+613C><U+3E30><U+623C><U+3E64><U+653C><U+3E64><U+623C><U+3E38><U+383C><U+3E64><U+653C><U+3E64><U+613C><U+3E30><U+623C><U+3E64><U+653C><U+3E64><U+623C><U+3E32><U+393C><U+3E61>",0
"61","my girls when we were in puerto rico …",0
"62","one of the greatest things of my life",1
"63","i hope insoo s been having a good time at the animal shelter with mygirls <U+653C><U+3E64><U+613C><U+3E30><U+623C><U+3E64><U+653C><U+3E64><U+623C><U+3E38><U+383C><U+3E61> i wish i could ve gone but i think i applied too late",1
"64","ovo khris skyalana the loves of my life",1
"65","most peaceful boygroup fandoms in kpop

 bana
 starlight
 honey 
 mygirls
 melody
 primadonna
 halove
 hottest
 m…",2
"66","my kids love sushi and shishito peppers …",1
"67","they make my life perfect costa mesa california",1
"68","most peaceful boygroup fandoms in kpop

 bana
 starlight
 honey 
 mygirls
 melody
 primadonna
 halove
 hot…",1
"69","titi is better than the bed",1
"70","we found a forest in the desert …",-1
"71","do you have a birthday coming up or do you just want to party celebrate with us 

 …",1
"72","burson marsteller s mygirls campaign china",0
"73","teamwork makes the dream work <U+2764>
 …",1
"74","kkkkkkkkkkkkk scrr",0
"75","always so many laughs in this class <U+653C><U+3E64><U+613C><U+3E30><U+623C><U+3E63><U+653C><U+3E64><U+623C><U+3E66><U+393C><U+3E30>",0
"76","also happy birthday to one of the most precious human being in my life i miss you so so so much and i hope you re…",1
"77","sending the happiest birthday wishes to <U+653C><U+3E64><U+613C><U+3E30><U+623C><U+3E64><U+653C><U+3E64><U+623C><U+3E32><U+393C><U+3E65><U+653C><U+3E64><U+613C><U+3E30><U+623C><U+3E63><U+653C><U+3E64><U+623C><U+3E65><U+383C><U+3E61><U+653C><U+3E64><U+613C><U+3E30><U+623C><U+3E64><U+653C><U+3E64><U+623C><U+3E32><U+383C><U+3E62> …",0
"78","luv this lil lady <U+2764><U+FE0F>",0
"79","<U+2501> hi <U+2200> <U+30CE>~ <U+2661> 

this is new pics account to myname s junq
i hope mygirls myboys amp fans support me <U+0669> <U+25D5><U+203F><U+25D5> <U+06F6>

 …",2
"80","what u lookin’ at <U+653C><U+3E64><U+613C><U+3E30><U+623C><U+3E64><U+653C><U+3E64><U+623C><U+3E38><U+383C><U+3E66><U+653C><U+3E64><U+613C><U+3E30><U+623C><U+3E65><U+653C><U+3E64><U+623C><U+3E34><U+613C><U+3E38> …",0
"81","a nite out with these two beautiful ladies",1
"82","these two on the arm tonight <U+653C><U+3E64><U+613C><U+3E30><U+623C><U+3E64><U+653C><U+3E64><U+623C><U+3E38><U+383C><U+3E64> the park liverpool",0
"83","it s honoring fellows amp and congra…",1
"84","remix by mygirls ft insoo amp seyong",0
"85","the argument that ensues over who gets to wear a tatty pair of pants what…",0
"86","as far as my girls i will raise them to think they breathe fire",0
"87","this is what a ten year age difference looks like",1
"88","anything i can do they can do better",1
"89","when the yo takes pictures <U+653C><U+3E64><U+613C><U+3E30><U+623C><U+3E64><U+653C><U+3E64><U+623C><U+3E32><U+393C><U+3E35>",0
"90","my reasons for just about everything",0
"91","she s so gorgeous in her tutu and pearls but i just can help but love this picture <U+653C><U+3E64><U+613C><U+3E30><U+623C><U+3E64><U+653C><U+3E64><U+623C><U+3E38><U+383C><U+3E64><U+653C><U+3E64><U+613C><U+3E30><U+623C><U+3E64><U+653C><U+3E64><U+623C><U+3E38><U+383C><U+3E64><U+653C><U+3E64><U+613C><U+3E30><U+623C><U+3E64><U+653C><U+3E64><U+623C><U+3E38><U+383C><U+3E64>
 …",2
"92","the friends are the family that one chooses <U+2764> mygirls <U+653C><U+3E64><U+613C><U+3E30><U+623C><U+3E64><U+653C><U+3E64><U+623C><U+3E31><U+613C><U+3E66> myboy <U+653C><U+3E64><U+613C><U+3E30><U+623C><U+3E64><U+653C><U+3E64><U+623C><U+3E31><U+613C><U+3E62>
• w…",0
"93","my goregous girls <U+2764>",0
"94","inspire me years after her death age is woman in wales 
we will de…",0
"95","happy birthday myname mommy <U+653C><U+3E64><U+613C><U+3E30><U+623C><U+3E64><U+653C><U+3E64><U+623C><U+3E38><U+613C><U+3E64><U+653C><U+3E64><U+613C><U+3E30><U+623C><U+3E64><U+653C><U+3E64><U+623C><U+3E38><U+613C><U+3E64><U+653C><U+3E64><U+613C><U+3E30><U+623C><U+3E64><U+653C><U+3E64><U+623C><U+3E38><U+613C><U+3E64><U+653C><U+3E64><U+613C><U+3E30><U+623C><U+3E64><U+653C><U+3E64><U+623C><U+3E32><U+393C><U+3E35><U+653C><U+3E64><U+613C><U+3E30><U+623C><U+3E64><U+653C><U+3E64><U+623C><U+3E32><U+393C><U+3E35> we love you and appreciate you taking care to the babies in the group <U+653C><U+3E64><U+613C><U+3E30><U+623C><U+3E64><U+653C><U+3E64><U+623C><U+3E38><U+383C><U+3E32><U+653C><U+3E64><U+613C><U+3E30><U+623C><U+3E64><U+653C><U+3E64><U+623C><U+3E38><U+383C><U+3E32><U+653C><U+3E64><U+613C><U+3E30><U+623C><U+3E64><U+653C><U+3E64><U+623C><U+3E32><U+393C><U+3E35><U+653C><U+3E64><U+613C><U+3E30><U+623C><U+3E64><U+653C><U+3E64><U+623C><U+3E32><U+393C><U+3E35> seriou…",3
"96","my mom 
my former pastor and youth pastor <U+653C><U+3E64><U+613C><U+3E30><U+623C><U+3E64><U+653C><U+3E64><U+623C><U+3E36><U+613C><U+3E34><U+653C><U+3E64><U+613C><U+3E30><U+623C><U+3E64><U+653C><U+3E64><U+623C><U+3E32><U+393C><U+3E37>
every day heroes 
stay at home moms 
 …",0
"97","• turtle <U+653C><U+3E64><U+613C><U+3E30><U+623C><U+3E64><U+653C><U+3E64><U+623C><U+3E30><U+613C><U+3E32> bay friday night our st time at that spot <U+653C><U+3E64><U+613C><U+3E30><U+623C><U+3E64><U+653C><U+3E64><U+623C><U+3E34><U+613C><U+3E35><U+653C><U+3E64><U+613C><U+3E30><U+623C><U+3E64><U+653C><U+3E64><U+623C><U+3E34><U+613C><U+3E35><U+653C><U+3E64><U+613C><U+3E30><U+623C><U+3E64><U+653C><U+3E64><U+623C><U+3E34><U+613C><U+3E35><U+653C><U+3E64><U+613C><U+3E30><U+623C><U+3E64><U+653C><U+3E64><U+623C><U+3E34><U+613C><U+3E35> <U+653C><U+3E64><U+613C><U+3E30><U+623C><U+3E64><U+653C><U+3E64><U+623C><U+3E31><U+383C><U+3E35> <U+653C><U+3E64><U+613C><U+3E30><U+623C><U+3E63><U+653C><U+3E64><U+623C><U+3E63><U+623C><U+3E39> …",0
"98","tomorrow mygirls night start at <U+653C><U+3E64><U+613C><U+3E30><U+623C><U+3E63><U+653C><U+3E64><U+623C><U+3E65><U+383C><U+3E39><U+653C><U+3E64><U+613C><U+3E30><U+623C><U+3E63><U+653C><U+3E64><U+623C><U+3E65><U+383C><U+3E32>",0
"99","get me home to see my girls 
i haven t seen my niece since november it has been too long <U+2764><U+FE0F><U+2764><U+FE0F> …",0
"100","bailey s pub",0
"101","god has blessed me with such a beautiful family love my wife love my daughter",3
"102","you might seem argumentative today even if your intentions ar more for gemini",-1
"103","friday mood <U+653C><U+3E64><U+613C><U+3E30><U+623C><U+3E64><U+653C><U+3E64><U+623C><U+3E38><U+383C><U+3E31>",0
"104","woohoo",0
"105","delayed world book day dressing up a big highway rat and two little sky s …",-1
"106","missing one core member of our dream team <U+2665><U+FE0F> <U+653C><U+3E64><U+613C><U+3E30><U+623C><U+3E64><U+653C><U+3E64><U+623C><U+3E39><U+383C><U+3E62><U+653C><U+3E64><U+613C><U+3E30><U+623C><U+3E63><U+653C><U+3E64><U+623C><U+3E66><U+623C><U+3E65><U+200D><U+2640><U+FE0F><U+653C><U+3E64><U+613C><U+3E30><U+623C><U+3E64><U+653C><U+3E64><U+623C><U+3E39><U+383C><U+3E62><U+653C><U+3E64><U+613C><U+3E30><U+623C><U+3E63><U+653C><U+3E64><U+623C><U+3E66><U+623C><U+3E62><U+200D><U+2640><U+FE0F><U+653C><U+3E64><U+613C><U+3E30><U+623C><U+3E64><U+653C><U+3E64><U+623C><U+3E39><U+383C><U+3E62><U+653C><U+3E64><U+613C><U+3E30><U+623C><U+3E63><U+653C><U+3E64><U+623C><U+3E66><U+623C><U+3E62><U+200D><U+2640><U+FE0F><U+653C><U+3E64><U+613C><U+3E30><U+623C><U+3E64><U+653C><U+3E64><U+623C><U+3E39><U+383C><U+3E62><U+653C><U+3E64><U+613C><U+3E30><U+623C><U+3E63><U+653C><U+3E64><U+623C><U+3E66><U+623C><U+3E63><U+200D><U+2640><U+FE0F> amp amp yes y…",0
"107","missing one core member of our dream team <U+2665><U+FE0F> <U+653C><U+3E64><U+613C><U+3E30><U+623C><U+3E64><U+653C><U+3E64><U+623C><U+3E39><U+383C><U+3E62><U+653C><U+3E64><U+613C><U+3E30><U+623C><U+3E63><U+653C><U+3E64><U+623C><U+3E66><U+623C><U+3E65><U+200D><U+2640><U+FE0F><U+653C><U+3E64><U+613C><U+3E30><U+623C><U+3E64><U+653C><U+3E64><U+623C><U+3E39><U+383C><U+3E62><U+653C><U+3E64><U+613C><U+3E30><U+623C><U+3E63><U+653C><U+3E64><U+623C><U+3E66><U+623C><U+3E62><U+200D><U+2640><U+FE0F><U+653C><U+3E64><U+613C><U+3E30><U+623C><U+3E64><U+653C><U+3E64><U+623C><U+3E39><U+383C><U+3E62><U+653C><U+3E64><U+613C><U+3E30><U+623C><U+3E63><U+653C><U+3E64><U+623C><U+3E66><U+623C><U+3E62><U+200D><U+2640><U+FE0F><U+653C><U+3E64><U+613C><U+3E30><U+623C><U+3E64><U+653C><U+3E64><U+623C><U+3E39><U+383C><U+3E62><U+653C><U+3E64><U+613C><U+3E30><U+623C><U+3E63><U+653C><U+3E64><U+623C><U+3E66><U+623C><U+3E63><U+200D><U+2640><U+FE0F> …",0
"108","to these stunningly beautiful confident crazy smart and insanely strong women i love you and am so grateful to hav…",5
"109","cuddled up with my sleeping babies and like always im overwhelmed with how much i love them there are no words t…",1
"110","god knew what he was doing when he put these incredible girls in my life i love …",2
"111","with my beautiful halee amp madison be inspired girls amp know your worth …",2
"112","don t know what i would do without them",0
"113","i love these girls",1
"114","<U+653C><U+3E64><U+613C><U+3E30><U+623C><U+3E64><U+653C><U+3E64><U+623C><U+3E32><U+393C><U+3E36><U+653C><U+3E64><U+613C><U+3E30><U+623C><U+3E64><U+653C><U+3E64><U+623C><U+3E32><U+393C><U+3E36> joy amp christal",1
"115","my furr baby amp my brat baby <U+653C><U+3E64><U+613C><U+3E30><U+623C><U+3E64><U+653C><U+3E64><U+623C><U+3E38><U+383C><U+3E64>",-1
"116","or beautiful thru and thru i wish they still played with dolls …",1
"117","th season coaching track at pella but the first i get to work with the ladies as well during track …",2
"118","on i want my girls to know they are loved appreciated and heard loud and clear they a…",2
"119","“somewhere behind the athlete you’ve become and the hours of practice and the coaches who have pushed you is a little girl wh…",0
"120","it wouldn’t be without celebrating …",0
"121","all is right in my world <U+653C><U+3E64><U+613C><U+3E30><U+623C><U+3E64><U+653C><U+3E64><U+623C><U+3E32><U+393C><U+3E37>missing …",1
"122","behind every superman is a superwoman <U+653C><U+3E64><U+613C><U+3E30><U+623C><U+3E64><U+653C><U+3E64><U+623C><U+3E32><U+613C><U+3E66>",0
"123","when u see me you see them <U+653C><U+3E64><U+613C><U+3E30><U+623C><U+3E65><U+653C><U+3E64><U+623C><U+3E34><U+393C><U+3E65><U+653C><U+3E64><U+613C><U+3E30><U+623C><U+3E63><U+653C><U+3E64><U+623C><U+3E66><U+623C><U+3E65><U+2764><U+FE0F>",0
"124","i couldn’t think of a better way to end the day …",1
"125","“somewhere behind the athlete you’ve become and the hours of practice and the coaches who have pushed you is a litt…",0
"126","my girls love him",1
"127","oh the places you ll go you have brains in your head you have feet in your shoes you can steer yourself any di…",0
"128","celebrating zumba ing with of <U+653C><U+3E64><U+613C><U+3E30><U+623C><U+3E64><U+653C><U+3E64><U+623C><U+3E32><U+613C><U+3E61> sage ymca",0
"129","thursday <U+653C><U+3E64><U+613C><U+3E30><U+623C><U+3E64><U+653C><U+3E64><U+623C><U+3E38><U+623C><U+3E34><U+653C><U+3E64><U+613C><U+3E30><U+623C><U+3E64><U+653C><U+3E64><U+623C><U+3E38><U+623C><U+3E34> …",0
"130","disney with my girls",0
"131","",0
"132","happy to all of you international women <U+653C><U+3E64><U+613C><U+3E30><U+623C><U+3E64><U+653C><U+3E64><U+623C><U+3E38><U+383C><U+3E39> …",1
"133","hey sorry to disrupt you with this but don t talk about fake fans cause new fans are always welcomed …",-1
"134","women <U+2764>",0
"135","<U+653C><U+3E64><U+613C><U+3E30><U+623C><U+3E64><U+653C><U+3E64><U+623C><U+3E32><U+393C><U+3E63> since we are celebrating women s day let me say thank u to and for making this funky jam co…",-1
"136","our girl is home <U+653C><U+3E64><U+613C><U+3E30><U+623C><U+3E64><U+653C><U+3E64><U+623C><U+3E39><U+383C><U+3E63><U+653C><U+3E64><U+613C><U+3E30><U+623C><U+3E63><U+653C><U+3E64><U+623C><U+3E66><U+623C><U+3E62> …",0
"137","behind every successful woman is a tribe of successful women …",2
"138","definitely an extreme happy place for me<U+203C><U+FE0F><U+653C><U+3E64><U+613C><U+3E30><U+623C><U+3E64><U+653C><U+3E64><U+623C><U+3E38><U+383C><U+3E61><U+2764><U+FE0F><U+653C><U+3E64><U+613C><U+3E30><U+623C><U+3E64><U+653C><U+3E64><U+623C><U+3E38><U+383C><U+3E64><U+653C><U+3E64><U+613C><U+3E30><U+623C><U+3E64><U+653C><U+3E64><U+623C><U+3E38><U+393C><U+3E38>",1
"139","i have had a lot of amazing presents today but this one is up there",1
"140","i’m obsessed with seeing women encourage support and empower other women it’s my favourite we need more of it <U+270C><U+653C><U+3E64><U+613C><U+3E30><U+623C><U+3E63><U+653C><U+3E64><U+623C><U+3E66><U+623C><U+3E63><U+653C><U+3E64><U+613C><U+3E30><U+623C><U+3E64><U+653C><U+3E64><U+623C><U+3E32><U+393C><U+3E37> …",3
"141","hell yes xxx",-1
"142","happy <U+653C><U+3E64><U+613C><U+3E30><U+623C><U+3E64><U+653C><U+3E64><U+623C><U+3E32><U+393C><U+3E35>",1
"143","to the future <U+2764><U+FE0F>",0
"144","oh my heart look at my girls not long until i see my penny and even lucy she’s a…",0
"145","alert moggies",0
"146","here’s to all the mothers grandmothers sisters aunts nieces cousins coaches co workers and friends who teac…",0
"147","it s honoring fellows amp and…",1
"148","i’m obsessed with seeing women encourage support and empower other women it’s my favourite we need more of it <U+270C><U+653C><U+3E64><U+613C><U+3E30><U+623C><U+3E63><U+653C><U+3E64><U+623C><U+3E66><U+623C><U+3E63>…",3
"149","my mom 
my former pastor and youth pastor <U+653C><U+3E64><U+613C><U+3E30><U+623C><U+3E64><U+653C><U+3E64><U+623C><U+3E36><U+613C><U+3E34><U+653C><U+3E64><U+613C><U+3E30><U+623C><U+3E64><U+653C><U+3E64><U+623C><U+3E32><U+393C><U+3E37>
every day heroes 
stay at home moms …",0
"150","here s to strong women 
may we know them 
may we be them 
may we raise them 
happy international women s day <U+653C><U+3E64><U+613C><U+3E30><U+623C><U+3E64><U+653C><U+3E64><U+623C><U+3E32><U+393C><U+3E35>…",2
"151","my tribe my girls my everything you ladies inspire me to be the best me i can be i love you for making me who i…",3
"152","to these stunningly beautiful confident crazy smart and insanely strong women i love you and am so grateful…",4
"153","i will always be here to help fix your crowns …",0
"154","kailyn dior <U+653C><U+3E64><U+613C><U+3E30><U+623C><U+3E63><U+653C><U+3E64><U+623C><U+3E63><U+623C><U+3E38><U+2764><U+FE0F> braylin renee <U+653C><U+3E64><U+613C><U+3E30><U+623C><U+3E63><U+653C><U+3E64><U+623C><U+3E63><U+623C><U+3E63><U+653C><U+3E64><U+613C><U+3E30><U+623C><U+3E64><U+653C><U+3E64><U+623C><U+3E32><U+383C><U+3E62> <U+653C><U+3E64><U+613C><U+3E30><U+623C><U+3E64><U+653C><U+3E64><U+623C><U+3E31><U+393C><U+3E31><U+653C><U+3E64><U+613C><U+3E30><U+623C><U+3E64><U+653C><U+3E64><U+623C><U+3E31><U+613C><U+3E33>",0
"155","happy international women s day",1
"156","you coming to mygirls night <U+653C><U+3E64><U+613C><U+3E30><U+623C><U+3E65><U+653C><U+3E64><U+623C><U+3E34><U+623C><U+3E37><U+653C><U+3E64><U+613C><U+3E30><U+623C><U+3E63><U+653C><U+3E64><U+623C><U+3E66><U+623C><U+3E64><U+200D><U+2640><U+FE0F>",0
"157","are two of the strongest women i know and i love them with all my heart<U+2763><U+FE0F>",2
"158","happy international women’s day <U+653C><U+3E64><U+613C><U+3E30><U+623C><U+3E64><U+653C><U+3E64><U+623C><U+3E32><U+393C><U+3E63><U+653C><U+3E64><U+613C><U+3E30><U+623C><U+3E64><U+653C><U+3E64><U+623C><U+3E61><U+623C><U+3E61><U+653C><U+3E64><U+613C><U+3E30><U+623C><U+3E63><U+653C><U+3E64><U+623C><U+3E65><U+383C><U+3E30>",1
"159","girls with dreams become women with vision they are my reason they are my world <U+2764><U+FE0F>",0
"160","you all know who you are 
<U+2764><U+FE0F>
 …",0
"161","<U+2764><U+FE0F> now to…",0
"162","it’s a new adventure full of trouble every weekend<U+653C><U+3E64><U+613C><U+3E30><U+623C><U+3E64><U+653C><U+3E64><U+623C><U+3E32><U+393C><U+3E62>",-1
"163","happy international women’s day to these beautiful women i love you all so very much …",3
"164","“the world needs strong women women who will lift and build others who will love and be loved women who live bra…",3
"165","my babies <U+653C><U+3E64><U+613C><U+3E30><U+623C><U+3E64><U+653C><U+3E64><U+623C><U+3E38><U+383C><U+3E64> i think they were about amp time just went <U+653C><U+3E64><U+613C><U+3E30><U+623C><U+3E64><U+653C><U+3E64><U+623C><U+3E38><U+613C><U+3E32> <U+653C><U+3E64><U+613C><U+3E30><U+623C><U+3E64><U+653C><U+3E64><U+623C><U+3E32><U+393C><U+3E35> …",0
"166","pic of for all those times i have been told you can’t have children amp a career pr…",0
"167","when my best big girl met my best little girl <U+2764><U+FE0F>",2
"168","especially celebrating today thankful for the skills amp wisdom of the long line of strong indep…",3
"169","especially celebrating today thankful for the skills amp wisdom of the long line of strong …",3
"170","snow angels …",0
"171","my little girl gang i love raising these girls <U+653C><U+3E64><U+613C><U+3E30><U+623C><U+3E64><U+653C><U+3E64><U+623C><U+3E32><U+393C><U+3E35> happy international women’s day <U+653C><U+3E64><U+613C><U+3E30><U+623C><U+3E64><U+653C><U+3E64><U+623C><U+3E32><U+613C><U+3E61>
 …",2
"172","your charm is operating on overdrive today but you’re seeking more for gemini",1
"173","inspire me years after her death age is woman in wales 
we…",0
"174","sometimes you just need to take it slow morning stroll with my lovely lambright girls …",0
"175","the cheetah girls was a mothafucking bop",0
"176","i m just wondering what day should i name it today 
 girls or women 
 …",0
"177","my girls lentil wedding amp portrait photography cinematography greece",0
"178","with and <U+653C><U+3E64><U+613C><U+3E30><U+623C><U+3E65><U+653C><U+3E64><U+623C><U+3E34><U+613C><U+3E33>",0
"179","happy women’s day",1
"180","thank you to all the who will happy…",1
"181","<U+653C><U+3E64><U+613C><U+3E30><U+623C><U+3E64><U+653C><U+3E64><U+623C><U+3E32><U+393C><U+3E35> happy thank you for b…",2
"182","new blog post international women s day a tribute to the ladies in my life …",0
"183","“ ”

im crying",0
"184","“the girls”
sophie amp bella",0
"185","at 
mina <U+653C><U+3E64><U+613C><U+3E30><U+623C><U+3E64><U+653C><U+3E64><U+623C><U+3E38><U+383C><U+3E35>",0
"186","how it was supposed to be vs how it came out",0
"187","question which member has the messiest room 
gugudan all pointed at sejeong 

<U+653C><U+3E64><U+613C><U+3E30><U+623C><U+3E64><U+653C><U+3E64><U+623C><U+3E38><U+383C><U+3E32><U+653C><U+3E64><U+613C><U+3E30><U+623C><U+3E64><U+653C><U+3E64><U+623C><U+3E38><U+383C><U+3E32><U+653C><U+3E64><U+613C><U+3E30><U+623C><U+3E64><U+653C><U+3E64><U+623C><U+3E38><U+383C><U+3E32> <U+AD6C><U+AD6C><U+B2E8> <U+AE40><U+C138><U+C815>",0
"188","gugudan idols of asia

pikachu charade so cute <U+263A><U+FE0F>
sejeong knew that haebin didn t get it aigoo aigoo 
 
mi…",1
"189","what would i do without these",0
"190","she’s so happy to be a big sister she’s been waiting for her baby sister for so long 
 …",1
"191","fatherhood has blessed me beyond measures",0
"192","when i haven’t seen them for a while i get the best reception missed my girls …",0
"193","candy land time …",0
"194","great day found a perfect in the wild today and got enough candies to finally evolve my i…",2
"195","she’s right 
i’m really happy that seyong got a lot of love and support from mygirls or even tu fans but i can’t…",5
"196","do you love having a night in with the girls 
 
 …",1
"197","what a delight to meet at the state rajasthan senior girls camp organised by …",1
"198","mygirls <U+653C><U+3E64><U+613C><U+3E30><U+623C><U+3E64><U+653C><U+3E64><U+623C><U+3E32><U+393C><U+3E35><U+653C><U+3E64><U+613C><U+3E30><U+623C><U+3E64><U+653C><U+3E64><U+623C><U+3E38><U+383C><U+3E64>",0
"199","in that way don t ask japanese mygirls to participate <U+653C><U+3E64><U+613C><U+3E30><U+623C><U+3E64><U+653C><U+3E64><U+623C><U+3E39><U+383C><U+3E66>",0
"200","nidocafevickery …",0
"201","back inside from <U+653C><U+3E64><U+613C><U+3E30><U+623C><U+3E64><U+653C><U+3E64><U+623C><U+3E30><U+623C><U+3E65><U+2764>",0
"202","that is so funny or should i say lol",-1
"203","taking advantage of this gorgeous day and playing outside",2
"204","mygirls<U+653C><U+3E64><U+613C><U+3E30><U+623C><U+3E64><U+653C><U+3E64><U+623C><U+3E32><U+393C><U+3E37>",0
"205","insoo instastory update <U+653C><U+3E64><U+613C><U+3E30><U+623C><U+3E64><U+653C><U+3E64><U+623C><U+3E32><U+393C><U+3E35>

though it was short mygirls were beautiful and you did well myname members

 he tagged gunwo…",2
"206","another surprise from mygirls<U+2665><U+FE0F>",0
"207","kaemern<U+653C><U+3E64><U+613C><U+3E30><U+623C><U+3E64><U+653C><U+3E64><U+623C><U+3E32><U+393C><U+3E37><U+653C><U+3E64><U+613C><U+3E30><U+623C><U+3E64><U+653C><U+3E64><U+623C><U+3E32><U+393C><U+3E37> 
please go for it we need japanese mygirls also are we al…",0
"208","i ve got sunshine on a cloudy day",-1
"209","when your older child has always thought of her lil did as her child <U+653C><U+3E64><U+613C><U+3E30><U+623C><U+3E64><U+653C><U+3E64><U+623C><U+3E38><U+383C><U+3E32><U+653C><U+3E64><U+613C><U+3E30><U+623C><U+3E64><U+653C><U+3E64><U+623C><U+3E38><U+383C><U+3E32><U+653C><U+3E64><U+613C><U+3E30><U+623C><U+3E64><U+653C><U+3E64><U+623C><U+3E38><U+383C><U+3E32> i love their bond",1
"210","b day wake up call <U+2764><U+FE0F>",0
"211","a kinder but not necessarily gentler energy is building in you more for gemini",0
"212","”mygirls”
 
<U+653C><U+3E64><U+613C><U+3E30><U+623C><U+3E64><U+653C><U+3E64><U+623C><U+3E32><U+383C><U+3E62><U+653C><U+3E64><U+613C><U+3E30><U+623C><U+3E64><U+653C><U+3E64><U+623C><U+3E32><U+383C><U+3E62><U+653C><U+3E64><U+613C><U+3E30><U+623C><U+3E64><U+653C><U+3E64><U+623C><U+3E32><U+383C><U+3E62>",0
"213","oh my heart look at my girls not long until i see my penny and even lucy she…",0
"214","winter <U+2764><U+FE0F> rIp",0
"215","kaemern<U+653C><U+3E64><U+613C><U+3E30><U+623C><U+3E64><U+653C><U+3E64><U+623C><U+3E32><U+393C><U+3E37><U+653C><U+3E64><U+613C><U+3E30><U+623C><U+3E64><U+653C><U+3E64><U+623C><U+3E32><U+393C><U+3E37> 
please go for it we need japanese mygirls also ar…",0
"216","to be a amp a fantastic of what a is for…",1
"217","because when you stop and look around<U+2764><U+653C><U+3E64><U+613C><U+3E30><U+623C><U+3E63><U+653C><U+3E64><U+623C><U+3E63><U+623C><U+3E63>
this life is petty amazing <U+653C><U+3E64><U+613C><U+3E30><U+623C><U+3E64><U+653C><U+3E64><U+623C><U+3E38><U+383C><U+3E64>
 <U+2764><U+653C><U+3E64><U+613C><U+3E30><U+623C><U+3E64><U+653C><U+3E64><U+623C><U+3E38><U+383C><U+3E64>",0
"218","need help <U+653C><U+3E64><U+613C><U+3E30><U+623C><U+3E64><U+653C><U+3E64><U+623C><U+3E38><U+383C><U+3E37> i ll bringing more",0
"219","i’m glad y’all finally realized what mygirls already knew",1
"220","decided i don t need anyone else in my life right now just gonna be me and my girls but if wants a sc…",1
"221","my secret admirer on twitter is 

find yours at",1
"222","shoot by henry photography
mua hair model samantha kaye
···
 …",0
"223","so grateful that i have amp listen to me bitch <U+653C><U+3E64><U+613C><U+3E30><U+623C><U+3E65><U+653C><U+3E64><U+623C><U+3E34><U+623C><U+3E37><U+653C><U+3E64><U+613C><U+3E30><U+623C><U+3E63><U+653C><U+3E64><U+623C><U+3E66><U+623C><U+3E62><U+200D><U+2640><U+FE0F> love you guys <U+653C><U+3E64><U+613C><U+3E30><U+623C><U+3E64><U+653C><U+3E64><U+623C><U+3E32><U+393C><U+3E35>",1
"224","this day we went to a thrift store and genesis decided she wanted this wig instead of a toy <U+653C><U+3E64><U+613C><U+3E30><U+623C><U+3E65><U+653C><U+3E64><U+623C><U+3E34><U+613C><U+3E36><U+653C><U+3E64><U+613C><U+3E30><U+623C><U+3E63><U+653C><U+3E64><U+623C><U+3E66><U+623C><U+3E62><U+200D><U+2640><U+FE0F><U+653C><U+3E64><U+613C><U+3E30><U+623C><U+3E65><U+653C><U+3E64><U+623C><U+3E34><U+623C><U+3E37><U+653C><U+3E64><U+613C><U+3E30><U+623C><U+3E63><U+653C><U+3E64><U+623C><U+3E66><U+623C><U+3E62><U+200D><U+2640><U+FE0F> …",1
"225","sweet memories",1
"226","it s becoming a thing now lol <U+653C><U+3E64><U+613C><U+3E30><U+623C><U+3E64><U+653C><U+3E64><U+623C><U+3E32><U+393C><U+3E35> …",0
"227","london united kingdom",0
"228","<U+653C><U+3E64><U+613C><U+3E30><U+623C><U+3E64><U+653C><U+3E64><U+623C><U+3E38><U+613C><U+3E33><U+653C><U+3E64><U+613C><U+3E30><U+623C><U+3E64><U+653C><U+3E64><U+623C><U+3E38><U+613C><U+3E33><U+653C><U+3E64><U+613C><U+3E30><U+623C><U+3E64><U+653C><U+3E64><U+623C><U+3E38><U+613C><U+3E33><U+653C><U+3E64><U+613C><U+3E30><U+623C><U+3E64><U+653C><U+3E64><U+623C><U+3E38><U+613C><U+3E33>is it the nd yet part …",0
"229","look who came to play",0
"230","grocery shopping vibes",0
"231","sisters always and forever",0
"232","i need you like a heart needs a beat …",1
"233","luvs <U+2764><U+FE0F><U+2764><U+FE0F>",0
"234","mygirls <U+2661>",0
"235","the excruciating numbness felt with having to watch the peppa pig first cinema experience for by he fourth night…",-2
"236","yall we fucking eat wings with chopstick <U+653C><U+3E64><U+613C><U+3E30><U+623C><U+3E64><U+653C><U+3E64><U+623C><U+3E38><U+383C><U+3E32><U+653C><U+3E64><U+613C><U+3E30><U+623C><U+3E64><U+653C><U+3E64><U+623C><U+3E38><U+383C><U+3E32>",-1
"237","never a dull moment in “the fantastic ” group chat <U+653C><U+3E64><U+613C><U+3E30><U+623C><U+3E64><U+653C><U+3E64><U+623C><U+3E38><U+613C><U+3E64><U+653C><U+3E64><U+613C><U+3E30><U+623C><U+3E64><U+653C><U+3E64><U+623C><U+3E38><U+613C><U+3E64><U+653C><U+3E64><U+613C><U+3E30><U+623C><U+3E64><U+653C><U+3E64><U+623C><U+3E32><U+393C><U+3E35>",0
"238","dayum ladies you fiiiiine <U+653C><U+3E64><U+613C><U+3E30><U+623C><U+3E64><U+653C><U+3E64><U+623C><U+3E34><U+613C><U+3E35><U+653C><U+3E64><U+613C><U+3E30><U+623C><U+3E64><U+653C><U+3E64><U+623C><U+3E34><U+613C><U+3E35>

 …",0
"239","man im so ready for the nd my girls are back …",1
"240","there’s nothing better than being surrounded by your favorite girls before you walk down the aisle…",2
"241","these were the days <U+653C><U+3E64><U+613C><U+3E30><U+623C><U+3E64><U+653C><U+3E64><U+623C><U+3E32><U+613C><U+3E66><U+653C><U+3E64><U+613C><U+3E30><U+623C><U+3E64><U+653C><U+3E64><U+623C><U+3E31><U+383C><U+3E63><U+653C><U+3E64><U+613C><U+3E30><U+623C><U+3E63><U+653C><U+3E64><U+623C><U+3E66><U+623C><U+3E64><U+2764><U+FE0F> 
 <U+2764><U+FE0F>",0
"242","your career goals are no longer yours alone for they are inte more for gemini",0
"243","berrytv has finally uploaded these hello korea myname episodes with english subtitles the videos just came out a week ago int…",0
"244","school run last week snow glad that’s over <U+653C><U+3E64><U+613C><U+3E30><U+623C><U+3E64><U+653C><U+3E64><U+623C><U+3E38><U+383C><U+3E32> …",1
"245","• kano s licking his lips at the makeshift cake shop • <U+653C><U+3E64><U+613C><U+3E30><U+623C><U+3E64><U+653C><U+3E64><U+623C><U+3E38><U+383C><U+3E32><U+653C><U+3E64><U+613C><U+3E30><U+623C><U+3E64><U+653C><U+3E64><U+623C><U+3E38><U+383C><U+3E32> …",0
"246","new clout gang merch is out link in bio if you want to buy",0
"247","i can’t settle for just anything my daughters are watching me <U+653C><U+3E64><U+613C><U+3E30><U+623C><U+3E64><U+653C><U+3E64><U+623C><U+3E32><U+393C><U+3E35> …",0
"248","my furbabies",0
"249","a dgroup that matches their outfits together stays together <U+653C><U+3E64><U+613C><U+3E30><U+623C><U+3E64><U+653C><U+3E64><U+623C><U+3E32><U+393C><U+3E35> plaster student union",0
"250","<U+653C><U+3E64><U+613C><U+3E30><U+623C><U+3E63><U+653C><U+3E64><U+623C><U+3E36><U+393C><U+3E35><U+653C><U+3E64><U+613C><U+3E30><U+623C><U+3E63><U+653C><U+3E64><U+623C><U+3E36><U+393C><U+3E35> tomorrow at am ready set go this one is promotionfor the upcoming sexy podcast episode if u love s…",3
"251","amp i lol 
playing with",0
"252","love my new home screen <U+653C><U+3E64><U+613C><U+3E30><U+623C><U+3E64><U+653C><U+3E64><U+623C><U+3E38><U+383C><U+3E64><U+653C><U+3E64><U+613C><U+3E30><U+623C><U+3E64><U+653C><U+3E64><U+623C><U+3E38><U+383C><U+3E64><U+653C><U+3E64><U+613C><U+3E30><U+623C><U+3E64><U+653C><U+3E64><U+623C><U+3E38><U+383C><U+3E64>",1
"253","<U+2764><U+FE0F><U+653C><U+3E64><U+613C><U+3E30><U+623C><U+3E65><U+653C><U+3E64><U+623C><U+3E37><U+613C><U+3E31><U+653C><U+3E64><U+613C><U+3E30><U+623C><U+3E64><U+653C><U+3E64><U+623C><U+3E32><U+393C><U+3E62>mygirls are happy to support you wherever you are<U+653C><U+3E64><U+613C><U+3E30><U+623C><U+3E64><U+653C><U+3E64><U+623C><U+3E32><U+393C><U+3E61><U+653C><U+3E64><U+613C><U+3E30><U+623C><U+3E64><U+653C><U+3E64><U+623C><U+3E32><U+393C><U+3E39><U+653C><U+3E64><U+613C><U+3E30><U+623C><U+3E64><U+653C><U+3E64><U+623C><U+3E32><U+393C><U+3E63>",2
"254","me and my girls love them so much …",1
"255","i m so lucky to have such wonderful friends in my life thank you for those who has text today you made today more…",3
"256","just how many times do i have to change barbies dress before it s right <U+653C><U+3E64><U+613C><U+3E30><U+623C><U+3E64><U+653C><U+3E64><U+623C><U+3E38><U+383C><U+3E32> <U+653C><U+3E64><U+613C><U+3E30><U+623C><U+3E64><U+653C><U+3E64><U+623C><U+3E38><U+383C><U+3E32>",1
"257","sweet fifteen<U+2764><U+2764><U+2764> make up session for my babes <U+653C><U+3E64><U+613C><U+3E30><U+623C><U+3E64><U+653C><U+3E64><U+623C><U+3E32><U+383C><U+3E34><U+653C><U+3E64><U+613C><U+3E30><U+623C><U+3E64><U+653C><U+3E64><U+623C><U+3E32><U+383C><U+3E34><U+653C><U+3E64><U+613C><U+3E30><U+623C><U+3E64><U+653C><U+3E64><U+623C><U+3E32><U+383C><U+3E34>",1
"258","lipstick selfies these beauties forever make me smile",1
"259","and i just got our tix for in dallas for july th yyyaaaaassssss …",0
"260","<U+653C><U+3E64><U+613C><U+3E30><U+623C><U+3E64><U+653C><U+3E64><U+623C><U+3E38><U+383C><U+3E32> yup this is us",0
"261","ariana
···
 srock …",0
"262","regrann from if you’re cold they’re cold please bring them inside <U+2764><U+FE0F><U+653C><U+3E64><U+613C><U+3E30><U+623C><U+3E64><U+653C><U+3E64><U+623C><U+3E30><U+623C><U+3E65> …",-2
"263","have everything to do w",0
"264","love my slayers for their continued love and support for all i do may god continue to bless you with his unfailing…",4
"265","just look at her face <U+653C><U+3E64><U+613C><U+3E30><U+623C><U+3E64><U+653C><U+3E64><U+623C><U+3E38><U+383C><U+3E36> happy birthday bestie <U+653C><U+3E64><U+613C><U+3E30><U+623C><U+3E64><U+653C><U+3E64><U+623C><U+3E38><U+393C><U+3E38> sorry for the torture <U+653C><U+3E64><U+613C><U+3E30><U+623C><U+3E64><U+653C><U+3E64><U+623C><U+3E38><U+393C><U+3E63> 

 …",-1
"266","one big happy family so thankful for the time off and what s better than spending some time in waco …",3
"267","couldn’t imagine my life without my girls <U+653C><U+3E64><U+613C><U+3E30><U+623C><U+3E64><U+653C><U+3E64><U+623C><U+3E38><U+383C><U+3E64> they are all little gems and i’m so lucky to have a good bunch of weird…",3
"268","your agenda is uncharacteristically etched into stone today a more for gemini",0
"269","no school so it’s a provan selfie <U+653C><U+3E64><U+613C><U+3E30><U+623C><U+3E65><U+653C><U+3E64><U+623C><U+3E34><U+623C><U+3E33> <U+2764><U+FE0F><U+2764><U+FE0F><U+2764><U+FE0F>",0
"270","my notifs are blowing up abt people asking who seyong is mygirls gonna see some additional members just because a man yelled…",0
"271","she flies like a bird this daughter of mine",1
"272","my favorites <U+653C><U+3E64><U+613C><U+3E30><U+623C><U+3E64><U+653C><U+3E64><U+623C><U+3E38><U+383C><U+3E64><U+653C><U+3E64><U+613C><U+3E30><U+623C><U+3E64><U+653C><U+3E64><U+623C><U+3E38><U+383C><U+3E64> love my wife man <U+653C><U+3E64><U+613C><U+3E30><U+623C><U+3E65><U+653C><U+3E64><U+623C><U+3E34><U+393C><U+3E65><U+653C><U+3E64><U+613C><U+3E30><U+623C><U+3E63><U+653C><U+3E64><U+623C><U+3E66><U+623C><U+3E64><U+653C><U+3E64><U+613C><U+3E30><U+623C><U+3E64><U+653C><U+3E64><U+623C><U+3E32><U+393C><U+3E39>",1
"273","today isabella went crazy with her disney homies …",-1
"274","cousin baby shower <U+653C><U+3E64><U+613C><U+3E30><U+623C><U+3E64><U+653C><U+3E64><U+623C><U+3E31><U+613C><U+3E39><U+200D><U+653C><U+3E64><U+613C><U+3E30><U+623C><U+3E64><U+653C><U+3E64><U+623C><U+3E31><U+613C><U+3E37><U+200D><U+653C><U+3E64><U+613C><U+3E30><U+623C><U+3E64><U+653C><U+3E64><U+623C><U+3E31><U+613C><U+3E37>",0
"275","they make everything the best …",1
"276","kang yebin <U+2661> pristin
<U+21B3> <U+A4B0> <U+AC15><U+C608><U+BE48> <U+2661> <U+D504><U+B9AC><U+C2A4><U+D2F4> <U+A4B1>
<U+21B3> requested",0
"277","love them big…",1
"278","more from the art institute plus an awesome slo mo face plant the art institute of…",1
"279","i love you guys <U+653C><U+3E64><U+613C><U+3E30><U+623C><U+3E64><U+653C><U+3E64><U+623C><U+3E32><U+393C><U+3E65>",1
"280","berrytv has finally uploaded these hello korea myname episodes with english subtitles the videos just came out a w…",0
"281","two of my favorite girls in the world <U+653C><U+3E64><U+613C><U+3E30><U+623C><U+3E64><U+653C><U+3E64><U+623C><U+3E38><U+383C><U+3E64><U+653C><U+3E64><U+613C><U+3E30><U+623C><U+3E64><U+653C><U+3E64><U+623C><U+3E38><U+383C><U+3E64>",1
"282","ig christina in jake’s recent post “i like my ladies like i like my weather warm and beautiful …",5
"283","mygirls<U+653C><U+3E64><U+613C><U+3E30><U+623C><U+3E64><U+653C><U+3E64><U+623C><U+3E32><U+393C><U+3E33>",0
"284","defiantly have the prettiest fans<U+653C><U+3E64><U+613C><U+3E30><U+623C><U+3E65><U+653C><U+3E64><U+623C><U+3E37><U+613C><U+3E31><U+653C><U+3E64><U+613C><U+3E30><U+623C><U+3E65><U+653C><U+3E64><U+623C><U+3E37><U+613C><U+3E31>",-1
"285","and the season has started time to get down and get dirty<U+653C><U+3E64><U+613C><U+3E30><U+623C><U+3E64><U+653C><U+3E64><U+623C><U+3E38><U+393C><U+3E62> mygirls",0
"286","the best of friends <U+653C><U+3E64><U+613C><U+3E30><U+623C><U+3E64><U+653C><U+3E64><U+623C><U+3E31><U+613C><U+3E66><U+200D><U+2640><U+FE0F><U+653C><U+3E64><U+613C><U+3E30><U+623C><U+3E64><U+653C><U+3E64><U+623C><U+3E31><U+613C><U+3E66><U+200D><U+2640><U+FE0F>",1
"287","there are no words to describe my excitement for these girls they’ve worked so hard for this congrats to the jv lady crus…",1
"288","beauty has no skin tone but black girls are magic <U+653C><U+3E64><U+613C><U+3E30><U+623C><U+3E65><U+653C><U+3E64><U+623C><U+3E34><U+613C><U+3E34><U+2764><U+FE0F> …",2
"289","basketball may be over but i’ve still got my teammates by my side <U+2764><U+FE0F> <U+653C><U+3E64><U+613C><U+3E30><U+623C><U+3E65><U+653C><U+3E64><U+623C><U+3E34><U+613C><U+3E34>",0
"290","canada is home <U+653C><U+3E64><U+613C><U+3E30><U+623C><U+3E63><U+653C><U+3E64><U+623C><U+3E37><U+613C><U+3E38><U+653C><U+3E64><U+613C><U+3E30><U+623C><U+3E63><U+653C><U+3E64><U+623C><U+3E37><U+613C><U+3E36> i love my country <U+2665><U+FE0F> …",1
"291","even girls couldn’t pull the bday boy away from the for a pic <U+653C><U+3E64><U+613C><U+3E30><U+623C><U+3E64><U+653C><U+3E64><U+623C><U+3E38><U+383C><U+3E32> …",0
"292","i can’t settle for just anything my daughters are watching me <U+653C><U+3E64><U+613C><U+3E30><U+623C><U+3E64><U+653C><U+3E64><U+623C><U+3E32><U+393C><U+3E35>",0
"293","keeping my girls fresh",1
"294","<U+653C><U+3E64><U+613C><U+3E30><U+623C><U+3E64><U+653C><U+3E64><U+623C><U+3E38><U+613C><U+3E64><U+653C><U+3E64><U+613C><U+3E30><U+623C><U+3E64><U+653C><U+3E64><U+623C><U+3E38><U+613C><U+3E64>mygirls",0
"295","my notifs are blowing up abt people asking who seyong is mygirls gonna see some additional members just because a m…",0
"296","go avs with colorado avalanche fan club",-1
"297","are all tuckered out y all",0
"298","why are some people talking shit like are going down and so on they will not go down not as long as we mygirls myb…",0
"299","my heart <U+2764><U+FE0F>",0
"300","life is better <U+653C><U+3E64><U+613C><U+3E30><U+623C><U+3E64><U+653C><U+3E64><U+623C><U+3E32><U+393C><U+3E36><U+653C><U+3E64><U+613C><U+3E30><U+623C><U+3E63><U+653C><U+3E64><U+623C><U+3E63><U+623C><U+3E37> <U+653C><U+3E64><U+613C><U+3E30><U+623C><U+3E65><U+653C><U+3E64><U+623C><U+3E34><U+613C><U+3E33> <U+653C><U+3E64><U+613C><U+3E30><U+623C><U+3E64><U+653C><U+3E64><U+623C><U+3E38><U+383C><U+3E39><U+653C><U+3E64><U+613C><U+3E30><U+623C><U+3E64><U+653C><U+3E64><U+623C><U+3E32><U+393C><U+3E36> sa ands omodolani",1
"301","amazing few days <U+653C><U+3E64><U+613C><U+3E30><U+623C><U+3E63><U+653C><U+3E64><U+623C><U+3E64><U+623C><U+3E39><U+653C><U+3E64><U+613C><U+3E30><U+623C><U+3E65><U+653C><U+3E64><U+623C><U+3E35><U+383C><U+3E32><U+653C><U+3E64><U+613C><U+3E30><U+623C><U+3E64><U+653C><U+3E64><U+623C><U+3E32><U+393C><U+3E35><U+653C><U+3E64><U+613C><U+3E30><U+623C><U+3E64><U+653C><U+3E64><U+623C><U+3E38><U+383C><U+3E61>",1
"302","deze twee knapperds <U+2764> <U+2764><U+FE0F> …",0
"303","we together better
 …",1
"304","<U+653C><U+3E64><U+613C><U+3E30><U+623C><U+3E64><U+653C><U+3E64><U+623C><U+3E32><U+393C><U+3E37> pretty in pink <U+653C><U+3E64><U+613C><U+3E30><U+623C><U+3E64><U+653C><U+3E64><U+623C><U+3E32><U+393C><U+3E37>",1
"305","happiness is a night out with the girls <U+653C><U+3E64><U+613C><U+3E30><U+623C><U+3E64><U+653C><U+3E64><U+623C><U+3E38><U+383C><U+3E64>",1
"306","dropping off see ya camaaliyah <U+2764><U+FE0F>",0
"307","sunnysunday<U+653C><U+3E64><U+613C><U+3E30><U+623C><U+3E64><U+653C><U+3E64><U+623C><U+3E38><U+383C><U+3E64> yep we disinfect the barns too<U+653C><U+3E64><U+613C><U+3E30><U+623C><U+3E64><U+653C><U+3E64><U+623C><U+3E39><U+383C><U+3E30><U+653C><U+3E64><U+613C><U+3E30><U+623C><U+3E64><U+653C><U+3E64><U+623C><U+3E38><U+623C><U+3E37><U+653C><U+3E64><U+613C><U+3E30><U+623C><U+3E65><U+653C><U+3E64><U+623C><U+3E34><U+623C><U+3E37><U+653C><U+3E64><U+613C><U+3E30><U+623C><U+3E63><U+653C><U+3E64><U+623C><U+3E66><U+623C><U+3E62><U+200D><U+2640><U+FE0F> 
herrworkethic<U+653C><U+3E64><U+613C><U+3E30><U+623C><U+3E64><U+653C><U+3E64><U+623C><U+3E31><U+383C><U+3E66>mygirls<U+653C><U+3E64><U+613C><U+3E30><U+623C><U+3E64><U+653C><U+3E64><U+623C><U+3E38><U+383C><U+3E64><U+2764><U+FE0F>",0
"308","now that we ate mcdonald’s we are watching a movie",0
"309","ahh cuties <U+653C><U+3E64><U+613C><U+3E30><U+623C><U+3E64><U+653C><U+3E64><U+623C><U+3E36><U+613C><U+3E34>",0
"310","you arent lacking of height u just stand beside the wrong people <U+653C><U+3E64><U+613C><U+3E30><U+623C><U+3E64><U+653C><U+3E64><U+623C><U+3E38><U+383C><U+3E32>",-2
"311","sunday funday",0
"312","love love love <U+653C><U+3E64><U+613C><U+3E30><U+623C><U+3E64><U+653C><U+3E64><U+623C><U+3E38><U+393C><U+3E38><U+653C><U+3E64><U+613C><U+3E30><U+623C><U+3E64><U+653C><U+3E64><U+623C><U+3E38><U+393C><U+3E38> en de…",3
"313","love these girls always <U+653C><U+3E64><U+613C><U+3E30><U+623C><U+3E64><U+653C><U+3E64><U+623C><U+3E32><U+393C><U+3E37> …",1
"314","congratulations <U+2764><U+FE0F>",1
"315","last night was way too much fun <U+2665><U+FE0F> atwater…",1
"316","chilled relaxing sunday …",0
"317","although you may finally have idle time set aside for rest and more for gemini",-1
"318","see in on with support acts …",1
"319","see in on with support acts…",1
"320","my slightly psychotic looking big un and i we are alike in so many ways …",0
"321","twinning haircut <U+653C><U+3E64><U+613C><U+3E30><U+623C><U+3E64><U+653C><U+3E64><U+623C><U+3E38><U+383C><U+3E33><U+653C><U+3E64><U+613C><U+3E30><U+623C><U+3E64><U+653C><U+3E64><U+623C><U+3E32><U+383C><U+3E37><U+653C><U+3E64><U+613C><U+3E30><U+623C><U+3E63><U+653C><U+3E64><U+623C><U+3E66><U+623C><U+3E62><U+200D><U+2640><U+FE0F>",0
"322","girls day today and i had so much fun <U+653C><U+3E64><U+613C><U+3E30><U+623C><U+3E64><U+653C><U+3E64><U+623C><U+3E32><U+383C><U+3E62><U+2764><U+FE0F><U+653C><U+3E64><U+613C><U+3E30><U+623C><U+3E64><U+653C><U+3E64><U+623C><U+3E31><U+393C><U+3E37>",1
"323","me amp mygirls",0
"324","<U+653C><U+3E64><U+613C><U+3E30><U+623C><U+3E64><U+653C><U+3E64><U+623C><U+3E38><U+383C><U+3E64> where there’s a there’s a",0
"325","of course there were these lovely ladies too <U+653C><U+3E64><U+613C><U+3E30><U+623C><U+3E64><U+653C><U+3E64><U+623C><U+3E32><U+393C><U+3E35>",1
"326","experimenting with new poses lately <U+653C><U+3E64><U+613C><U+3E30><U+623C><U+3E64><U+653C><U+3E64><U+623C><U+3E38><U+383C><U+3E32><U+2665><U+FE0F> …",0
"327","before i hit the bottom top of the stairs",1
"328","year olds are hard to take pictures with so char did <U+653C><U+3E64><U+613C><U+3E30><U+623C><U+3E64><U+653C><U+3E64><U+623C><U+3E32><U+393C><U+3E33>",-1
"329","my chicks bad badder than urs <U+653C><U+3E64><U+613C><U+3E30><U+623C><U+3E64><U+653C><U+3E64><U+623C><U+3E34><U+613C><U+3E35><U+653C><U+3E64><U+613C><U+3E30><U+623C><U+3E64><U+653C><U+3E64><U+623C><U+3E32><U+383C><U+3E33><U+653C><U+3E64><U+613C><U+3E30><U+623C><U+3E63><U+653C><U+3E64><U+623C><U+3E66><U+623C><U+3E62>
 
 
 
 playa…",-1
"330","volleyball yeahhh<U+203C><U+FE0F><U+653C><U+3E64><U+613C><U+3E30><U+623C><U+3E63><U+653C><U+3E64><U+623C><U+3E66><U+393C><U+3E30>",0
"331","love letters from ted bundy",1
"332","<U+653C><U+3E64><U+613C><U+3E30><U+623C><U+3E64><U+653C><U+3E64><U+623C><U+3E32><U+393C><U+3E35>
 stockton seaview hotel and golf club",0
"333","meeting baby sister <U+653C><U+3E64><U+613C><U+3E30><U+623C><U+3E64><U+653C><U+3E64><U+623C><U+3E38><U+383C><U+3E64><U+653C><U+3E64><U+613C><U+3E30><U+623C><U+3E64><U+653C><U+3E64><U+623C><U+3E38><U+383C><U+3E64><U+653C><U+3E64><U+613C><U+3E30><U+623C><U+3E64><U+653C><U+3E64><U+623C><U+3E38><U+383C><U+3E64>",0
"334","sister love <U+653C><U+3E64><U+613C><U+3E30><U+623C><U+3E64><U+653C><U+3E64><U+623C><U+3E32><U+393C><U+3E35><U+653C><U+3E64><U+613C><U+3E30><U+623C><U+3E64><U+653C><U+3E64><U+623C><U+3E32><U+393C><U+3E35>
 
 
 
 
 
 
 
 
 …",1
"335","loved last night with this lot amp prosecco <U+653C><U+3E64><U+613C><U+3E30><U+623C><U+3E65><U+653C><U+3E64><U+623C><U+3E35><U+383C><U+3E32><U+653C><U+3E64><U+613C><U+3E30><U+623C><U+3E63><U+653C><U+3E64><U+623C><U+3E64><U+623C><U+3E65><U+653C><U+3E64><U+613C><U+3E30><U+623C><U+3E64><U+653C><U+3E64><U+623C><U+3E32><U+383C><U+3E33>",1
"336","last one best one",1
"337","had a blast today in the mall at the arcade <U+653C><U+3E64><U+613C><U+3E30><U+623C><U+3E64><U+653C><U+3E64><U+623C><U+3E32><U+393C><U+3E35>…",0
"338","what i wouldn t give to see and on the same show <U+653C><U+3E64><U+613C><U+3E30><U+623C><U+3E64><U+653C><U+3E64><U+623C><U+3E38><U+383C><U+3E64><U+653C><U+3E64><U+613C><U+3E30><U+623C><U+3E64><U+653C><U+3E64><U+623C><U+3E38><U+383C><U+3E64><U+653C><U+3E64><U+613C><U+3E30><U+623C><U+3E64><U+653C><U+3E64><U+623C><U+3E38><U+383C><U+3E64> i think i d be bouncing off the walls",0
"339","baby ruby wasn’t super happy about taking a selfie lol ha ha …",2
"340","there are no words to describe my excitement for these girls they’ve worked so hard for this congrats to the jv l…",1
"341","watchin <U+653C><U+3E64><U+613C><U+3E30><U+623C><U+3E64><U+653C><U+3E64><U+623C><U+3E38><U+383C><U+3E64>",0
"342","with <U+653C><U+3E64><U+613C><U+3E30><U+623C><U+3E64><U+653C><U+3E64><U+623C><U+3E32><U+393C><U+3E35> <U+653C><U+3E64><U+613C><U+3E30><U+623C><U+3E64><U+653C><U+3E64><U+623C><U+3E31><U+383C><U+3E62><U+653C><U+3E64><U+613C><U+3E30><U+623C><U+3E63><U+653C><U+3E64><U+623C><U+3E66><U+623C><U+3E64><U+2728><U+653C><U+3E64><U+613C><U+3E30><U+623C><U+3E63><U+653C><U+3E64><U+623C><U+3E65><U+613C><U+3E66>…",0
"343","my loves <U+653C><U+3E64><U+613C><U+3E30><U+623C><U+3E64><U+653C><U+3E64><U+623C><U+3E38><U+383C><U+3E64><U+653C><U+3E64><U+613C><U+3E30><U+623C><U+3E64><U+653C><U+3E64><U+623C><U+3E38><U+383C><U+3E64><U+653C><U+3E64><U+613C><U+3E30><U+623C><U+3E64><U+653C><U+3E64><U+623C><U+3E38><U+383C><U+3E64> …",1
"344","oh nooooo i take care of you both",0
"345","it s hard to believe this was just a few weeks away thank you again to everyone who was involved in making “las…",0
"346","•sweetsunday• <U+653C><U+3E64><U+613C><U+3E30><U+623C><U+3E65><U+653C><U+3E64><U+623C><U+3E36><U+383C><U+3E34><U+2728><U+653C><U+3E64><U+613C><U+3E30><U+623C><U+3E63><U+653C><U+3E64><U+623C><U+3E64><U+613C><U+3E39>
 
 
 
 …",0
"347","twinning <U+653C><U+3E64><U+613C><U+3E30><U+623C><U+3E64><U+653C><U+3E64><U+623C><U+3E38><U+383C><U+3E64><U+653C><U+3E64><U+613C><U+3E30><U+623C><U+3E64><U+653C><U+3E64><U+623C><U+3E38><U+383C><U+3E64><U+653C><U+3E64><U+613C><U+3E30><U+623C><U+3E64><U+653C><U+3E64><U+623C><U+3E38><U+383C><U+3E64>",0
"348","so proud of for making it to the years in a row they played…",1
"349","waaaaah mygirls <U+653C><U+3E64><U+613C><U+3E30><U+623C><U+3E64><U+653C><U+3E64><U+623C><U+3E32><U+393C><U+3E39>",0
"350","mygirls <U+653C><U+3E64><U+613C><U+3E30><U+623C><U+3E64><U+653C><U+3E64><U+623C><U+3E38><U+383C><U+3E64>",0
"351","with and the <U+653C><U+3E64><U+613C><U+3E30><U+623C><U+3E64><U+653C><U+3E64><U+623C><U+3E30><U+623C><U+3E31> …",0
"352","big day for the girls confirmation for ri st acceptance letter to ryerson university for alex<U+2764><U+FE0F> stop growing b…",0
"353","owiiiii ou bien me amp mygirls",0
"354","the mind numbing minutes sat waiting in the car with a bored nine yr old waiting for the wife to finish spending more money i…",-1
"355","the mind numbing minutes sat waiting in the car with a bored nine yr old waiting for the wife to finish spending mo…",-1
"356","you’re willing to go out of your way to make others comfortabl more for gemini",1
"357","snow day fun …",1
"358","and mommy mrs efstathiou woodland hills wildlife estate",0
"359","trying to take a selfie with both my girls is becoming increasingly difficult 
 …",-1
"360","girls game morning <U+2764>

 …",0
"361","<U+653C><U+3E64><U+613C><U+3E30><U+623C><U+3E63><U+653C><U+3E64><U+623C><U+3E65><U+623C><U+3E36> 
 this place is heaven",1
"362","hyper girls off to get their flowergirl dresses <U+653C><U+3E64><U+613C><U+3E30><U+623C><U+3E64><U+653C><U+3E64><U+623C><U+3E38><U+383C><U+3E64><U+653C><U+3E64><U+613C><U+3E30><U+623C><U+3E64><U+653C><U+3E64><U+623C><U+3E31><U+613C><U+3E64><U+653C><U+3E64><U+613C><U+3E30><U+623C><U+3E64><U+653C><U+3E64><U+623C><U+3E31><U+623C><U+3E30><U+653C><U+3E64><U+613C><U+3E30><U+623C><U+3E64><U+653C><U+3E64><U+623C><U+3E31><U+623C><U+3E38><U+653C><U+3E64><U+613C><U+3E30><U+623C><U+3E64><U+653C><U+3E64><U+623C><U+3E38><U+383C><U+3E61> …",0
"363","sun sand us 
 baga beach",0
"364","do any mygirls or myboys know a good fanbase i can follow for updates on the myname members <U+B9C8><U+C774><U+B124><U+C784>",1
"365","meditations by jj van zon",0
"366","lego downtown la",0
"367","my girls ibdabblin",0
"368","twinning stripes",0
"369","heeeeyyy sexy ladies <U+653C><U+3E64><U+613C><U+3E30><U+623C><U+3E63><U+653C><U+3E64><U+623C><U+3E65><U+623C><U+3E36><U+653C><U+3E64><U+613C><U+3E30><U+623C><U+3E64><U+653C><U+3E64><U+623C><U+3E31><U+613C><U+3E66><U+653C><U+3E64><U+613C><U+3E30><U+623C><U+3E64><U+653C><U+3E64><U+623C><U+3E31><U+613C><U+3E66><U+653C><U+3E64><U+613C><U+3E30><U+623C><U+3E63><U+653C><U+3E64><U+623C><U+3E65><U+623C><U+3E36>",1
"370","happy birthday nikki love you amp dt with my whole heart …",2
"371","mother amp daughter having a sip of ice tea bistro con ga phap",0
"372","i m crying",0
"373","spectra luxury apartments ft myers",1
"374","last night was done right happy birthday ms sofia <U+653C><U+3E64><U+613C><U+3E30><U+623C><U+3E64><U+653C><U+3E64><U+623C><U+3E38><U+613C><U+3E64><U+653C><U+3E64><U+613C><U+3E30><U+623C><U+3E64><U+653C><U+3E64><U+623C><U+3E32><U+393C><U+3E35><U+2728><U+653C><U+3E64><U+613C><U+3E30><U+623C><U+3E64><U+653C><U+3E64><U+623C><U+3E32><U+383C><U+3E33><U+653C><U+3E64><U+613C><U+3E30><U+623C><U+3E63><U+653C><U+3E64><U+623C><U+3E66><U+623C><U+3E62> …",2
"375","still my two favorite everbrandy jsullivanmusic …",1
"376","riley and maya went to france <U+653C><U+3E64><U+613C><U+3E30><U+623C><U+3E63><U+653C><U+3E64><U+623C><U+3E37><U+613C><U+3E62><U+653C><U+3E64><U+613C><U+3E30><U+623C><U+3E63><U+653C><U+3E64><U+623C><U+3E37><U+623C><U+3E37> without cory and topanga like riley wanted in game night <U+653C><U+3E64><U+613C><U+3E30><U+623C><U+3E64><U+653C><U+3E64><U+623C><U+3E38><U+383C><U+3E32><U+653C><U+3E64><U+613C><U+3E30><U+623C><U+3E64><U+653C><U+3E64><U+623C><U+3E38><U+383C><U+3E32><U+653C><U+3E64><U+613C><U+3E30><U+623C><U+3E64><U+653C><U+3E64><U+623C><U+3E39><U+383C><U+3E63><U+653C><U+3E64><U+613C><U+3E30><U+623C><U+3E63><U+653C><U+3E64><U+623C><U+3E66><U+623C><U+3E63>",1
"377","wouldn’t wanna be weird with anyone else<U+653C><U+3E64><U+613C><U+3E30><U+623C><U+3E65><U+653C><U+3E64><U+623C><U+3E34><U+613C><U+3E61>",-1
"378","seeing my fav og camgirls from the studio tonight <U+653C><U+3E64><U+613C><U+3E30><U+623C><U+3E64><U+653C><U+3E64><U+623C><U+3E38><U+613C><U+3E64><U+653C><U+3E64><U+613C><U+3E30><U+623C><U+3E64><U+653C><U+3E64><U+623C><U+3E38><U+383C><U+3E64>",1
"379","our pile of mussel shells vs the girls pile <U+653C><U+3E64><U+613C><U+3E30><U+623C><U+3E64><U+653C><U+3E64><U+623C><U+3E38><U+383C><U+3E32> …",0
"380","well i m sold",1
"381","find your clan love them hard still celebrating …",0
"382","cousins <U+653C><U+3E64><U+613C><U+3E30><U+623C><U+3E64><U+653C><U+3E64><U+623C><U+3E32><U+393C><U+3E37>",0
"383","sometimes i have to pinch myself i’m one lucky guy",0
"384","another weekend to spend with these …",0
"385","is it sad that i am just as excited as my two yr olds to be watching brand new paw patrol <U+653C><U+3E64><U+613C><U+3E30><U+623C><U+3E64><U+653C><U+3E64><U+623C><U+3E38><U+383C><U+3E32>",0
"386","finally playing nice together after days of arguing <U+653C><U+3E64><U+613C><U+3E30><U+623C><U+3E64><U+653C><U+3E64><U+623C><U+3E31><U+383C><U+3E64>",1
"387","bishop s hull",0
"388","last night was one of the best nights of my life <U+653C><U+3E64><U+613C><U+3E30><U+623C><U+3E63><U+653C><U+3E64><U+623C><U+3E63><U+623C><U+3E39>",1
"389","never really knew how much im gonna miss something until its gone",-1
"390","spending a wonderful night with always love catching up…",2
"391","your domestic circumstances are probably more manageable these more for gemini",1
"392","bigstar s sunghak <U+26C4>
 myname s insoo <U+653C><U+3E64><U+613C><U+3E30><U+623C><U+3E64><U+653C><U+3E64><U+623C><U+3E32><U+383C><U+3E63> also after seeing my username he commented <U+B2E4><U+AC19><U+C774> <U+D558><U+B098> <U+B458> <U+C14B> whic…",0
"393","days robyn and calissi away with daddy to try get baby milk",0
"394","for all",0
"395","i didn t say it yet but i really appreciate all the support from mygirls and myboys about my lyrics blog<U+653C><U+3E64><U+613C><U+3E30><U+623C><U+3E64><U+653C><U+3E64><U+623C><U+3E38><U+613C><U+3E64> thank you <U+2764><U+FE0F><U+653C><U+3E64><U+613C><U+3E30><U+623C><U+3E64><U+653C><U+3E64><U+623C><U+3E32><U+393C><U+3E62><U+653C><U+3E64><U+613C><U+3E30><U+623C><U+3E64><U+653C><U+3E64><U+623C><U+3E32><U+393C><U+3E61>…",3
"396","skyler practicing her swimming for croatia gardens western…",0
"397","first snow <U+653C><U+3E64><U+613C><U+3E30><U+623C><U+3E64><U+653C><U+3E64><U+623C><U+3E32><U+393C><U+3E35>",0
"398","your power is not defined with trying to be a man when your the key to all greatness happy women’s history month…",2
"399","lol always wanting it doesn’t even faze them anymore <U+653C><U+3E64><U+613C><U+3E30><U+623C><U+3E64><U+653C><U+3E64><U+623C><U+3E38><U+383C><U+3E32><U+653C><U+3E64><U+613C><U+3E30><U+623C><U+3E64><U+653C><U+3E64><U+623C><U+3E38><U+383C><U+3E32><U+653C><U+3E64><U+613C><U+3E30><U+623C><U+3E64><U+653C><U+3E64><U+623C><U+3E38><U+383C><U+3E32> …",-1
"400","me thank god ioi are over that group was a disaster with not one single good song
chungha …",1
"401","just me and my girls <U+653C><U+3E64><U+613C><U+3E30><U+623C><U+3E64><U+653C><U+3E64><U+623C><U+3E38><U+383C><U+3E32> shondarhimes …",0
"402","excited to see these two goofballs but first some interviews http …",1
"403","from south to north and vice versa <U+653C><U+3E64><U+613C><U+3E30><U+623C><U+3E64><U+653C><U+3E64><U+623C><U+3E38><U+383C><U+3E39>
 
 
 
 …",-1
"404","happy hour with the crew bottlecap alley…",1
"405","they braid each other up before games …",0
"406","you know your harley is sweet when your girl talks about and tells more people about it than you do …",1
"407","gonna miss seeing these ladies in class",-1
"408","what’s on my work table love …",2
"409","mmm beach and annoying sand 

 …",-1
"410","<U+2501> hi <U+2200> <U+30CE>~ <U+2661> 

this is new pics account to myname s junq
i hope mygirls myboys amp fans support me <U+0669> <U+25D5><U+203F><U+25D5> <U+06F6>…",2
"411","good day with my little’s love them so much<U+653C><U+3E64><U+613C><U+3E30><U+623C><U+3E64><U+653C><U+3E64><U+623C><U+3E38><U+393C><U+3E38> <U+2764><U+FE0F>",2
"412","my two big dipsticks",0
"413","taken down at the river days apart what is with this weather h…",0
"414","new wheels",0
"415","i love you all <U+2764><U+FE0F><U+653C><U+3E64><U+613C><U+3E30><U+623C><U+3E64><U+653C><U+3E64><U+623C><U+3E32><U+393C><U+3E39><U+653C><U+3E64><U+613C><U+3E30><U+623C><U+3E64><U+653C><U+3E64><U+623C><U+3E32><U+393C><U+3E62><U+653C><U+3E64><U+613C><U+3E30><U+623C><U+3E64><U+653C><U+3E64><U+623C><U+3E32><U+393C><U+3E63><U+653C><U+3E64><U+613C><U+3E30><U+623C><U+3E64><U+653C><U+3E64><U+623C><U+3E32><U+393C><U+3E36>",1
"416","great season ladies <U+653C><U+3E64><U+613C><U+3E30><U+623C><U+3E64><U+653C><U+3E64><U+623C><U+3E30><U+623C><U+3E65><U+653C><U+3E64><U+613C><U+3E30><U+623C><U+3E64><U+653C><U+3E64><U+623C><U+3E32><U+393C><U+3E39><U+653C><U+3E64><U+613C><U+3E30><U+623C><U+3E63><U+653C><U+3E64><U+623C><U+3E65><U+623C><U+3E33> me amp",1
"417","when you are watching ur neices cuz they had a half day of school and they hungry no problem aunty lex to the rescu…",-1
"418","we live in paradise running to school this morning <U+2764><U+FE0F>",1
"419","taken down at the river days apart what is with this weather",0
"420","if we get together yo it s gonna be the bomb 
hit me up baby aaron carter dot com …",-1
"421","<U+653C><U+3E64><U+613C><U+3E30><U+623C><U+3E65><U+653C><U+3E64><U+623C><U+3E34><U+613C><U+3E62> she’s reading to her baby sister again",0
"422","my girls paige darian",0
"423","reading with",0
"424","after a treck out in that awful weather to get some bits needed we are being as lazy as possible and keeping warm i…",-1
"425","these two though <U+263A><U+FE0F><U+2764><U+FE0F> …",0
"426","the white rabbit amp peter rabbit <U+653C><U+3E64><U+613C><U+3E30><U+623C><U+3E64><U+653C><U+3E64><U+623C><U+3E30><U+623C><U+3E30> <U+653C><U+3E64><U+613C><U+3E30><U+623C><U+3E63><U+653C><U+3E64><U+623C><U+3E64><U+383C><U+3E34>",0
"427","i wanted to be there t t lovely <U+653C><U+3E64><U+613C><U+3E30><U+623C><U+3E64><U+653C><U+3E64><U+623C><U+3E38><U+383C><U+3E64>i can feel all their love to our boys 
thank you to instagram nessiesenpai…",3
"428","career day at school <U+2764><U+FE0F>",0
"429","amp all of my sisters <U+653C><U+3E64><U+613C><U+3E30><U+623C><U+3E65><U+653C><U+3E64><U+623C><U+3E34><U+393C><U+3E65><U+653C><U+3E64><U+613C><U+3E30><U+623C><U+3E63><U+653C><U+3E64><U+623C><U+3E66><U+623C><U+3E64><U+2665><U+FE0F>",0
"430","my girls <U+653C><U+3E64><U+613C><U+3E30><U+623C><U+3E64><U+653C><U+3E64><U+623C><U+3E32><U+393C><U+3E36>",0
"431","it’s and i want to know what you’re thankful for <U+653C><U+3E64><U+613C><U+3E30><U+623C><U+3E64><U+653C><U+3E64><U+623C><U+3E38><U+383C><U+3E64>

 …",1
"432","you may find unexpected calm in the middle of a sea of change more for gemini",0
"433","if only everyday could be this chill <U+653C><U+3E64><U+613C><U+3E30><U+623C><U+3E64><U+653C><U+3E64><U+623C><U+3E38><U+383C><U+3E63> …",-1
"434","this is the only photo i feel like is indicated to post in it s my first time participating ahah so ma…",1
"435","no nursery run means morning snuggles <U+653C><U+3E64><U+613C><U+3E30><U+623C><U+3E64><U+653C><U+3E64><U+623C><U+3E38><U+613C><U+3E63><U+653C><U+3E64><U+613C><U+3E30><U+623C><U+3E64><U+653C><U+3E64><U+623C><U+3E38><U+383C><U+3E64> <U+653C><U+3E64><U+613C><U+3E30><U+623C><U+3E64><U+653C><U+3E64><U+623C><U+3E32><U+393C><U+3E35>",0
"436","relaxing day

 …",0
"437","has mentioned twice on so far and we’re two episodes in i see a calab or…",0
